vdisk_id,vdisk_name,copy_id,status,sync,primary,mdisk_grp_id,mdisk_grp_name,capacity,type,se_copy,easy_tier,easy_tier_status,compressed_copy,parent_mdisk_grp_id,parent_mdisk_grp_name,encrypt
236,VDI_TE0-C2-SC_2DC_DISK004,0,online,yes,yes,7,HUSA_52011_FIS1_SAS_MIDRANGE,2.00TB,striped,yes,on,balanced,no,7,HUSA_52011_FIS1_SAS_MIDRANGE,no
237,CLUIE00030_2DC_DISK032,0,online,yes,no,7,HUSA_52011_FIS1_SAS_MIDRANGE,2.00GB,striped,yes,on,balanced,no,7,HUSA_52011_FIS1_SAS_MIDRANGE,no
238,CLUIE00030_2DC_DISK033,0,online,yes,yes,7,HUSA_52011_FIS1_SAS_MIDRANGE,32.00GB,striped,yes,on,balanced,no,7,HUSA_52011_FIS1_SAS_MIDRANGE,no
239,VDI_TE0-C2-SC_2DC_DISK005,0,online,yes,no,7,HUSA_52011_FIS1_SAS_MIDRANGE,2.00TB,striped,yes,on,balanced,no,7,HUSA_52011_FIS1_SAS_MIDRANGE,no
243,CLUIE00030_2DC_DISK034,0,online,yes,no,7,HUSA_52011_FIS1_SAS_MIDRANGE,32.00GB,striped,yes,on,balanced,no,7,HUSA_52011_FIS1_SAS_MIDRANGE,no
244,CLUIE00030_2DC_DISK035,0,online,yes,yes,7,HUSA_52011_FIS1_SAS_MIDRANGE,32.00GB,striped,yes,on,balanced,no,7,HUSA_52011_FIS1_SAS_MIDRANGE,no
246,CLUIE00030_2DC_DISK036,0,online,yes,yes,7,HUSA_52011_FIS1_SAS_MIDRANGE,15.00GB,striped,yes,on,balanced,no,7,HUSA_52011_FIS1_SAS_MIDRANGE,no
247,CLUIE00030_2DC_DISK037,0,online,yes,no,7,HUSA_52011_FIS1_SAS_MIDRANGE,15.00GB,striped,yes,on,balanced,no,7,HUSA_52011_FIS1_SAS_MIDRANGE,no
248,CLUIE00030_2DC_DISK038,0,online,yes,yes,7,HUSA_52011_FIS1_SAS_MIDRANGE,15.00GB,striped,yes,on,balanced,no,7,HUSA_52011_FIS1_SAS_MIDRANGE,no
250,CLUIE00030_2DC_DISK039,0,online,yes,yes,7,HUSA_52011_FIS1_SAS_MIDRANGE,60.00GB,striped,yes,on,balanced,no,7,HUSA_52011_FIS1_SAS_MIDRANGE,no
251,CLUIE00030_2DC_DISK026,0,online,yes,no,7,HUSA_52011_FIS1_SAS_MIDRANGE,5.00GB,striped,yes,on,balanced,no,7,HUSA_52011_FIS1_SAS_MIDRANGE,no
253,CLUIE00030_2DC_DISK027,0,online,yes,no,7,HUSA_52011_FIS1_SAS_MIDRANGE,10.00GB,striped,yes,on,balanced,no,7,HUSA_52011_FIS1_SAS_MIDRANGE,no
254,CLUIE00030_2DC_DISK028,0,online,yes,yes,7,HUSA_52011_FIS1_SAS_MIDRANGE,10.00GB,striped,yes,on,balanced,no,7,HUSA_52011_FIS1_SAS_MIDRANGE,no
256,CLUTE00170_2DC_DISK004,0,online,yes,yes,7,HUSA_52011_FIS1_SAS_MIDRANGE,510.00GB,striped,yes,on,balanced,no,7,HUSA_52011_FIS1_SAS_MIDRANGE,no
349,ESX_TE0-C2-SC_2DC_DISK128,0,online,yes,no,7,HUSA_52011_FIS1_SAS_MIDRANGE,4.00TB,striped,yes,on,balanced,no,7,HUSA_52011_FIS1_SAS_MIDRANGE,no
350,ESX_TE0-C2-SC_2DC_DISK129,0,online,yes,yes,7,HUSA_52011_FIS1_SAS_MIDRANGE,4.00TB,striped,yes,on,balanced,no,7,HUSA_52011_FIS1_SAS_MIDRANGE,no
378,CLUIE00030_2DC_DISK040,0,online,yes,yes,7,HUSA_52011_FIS1_SAS_MIDRANGE,15.00GB,striped,yes,on,balanced,no,7,HUSA_52011_FIS1_SAS_MIDRANGE,no
379,CLUIE00030_2DC_DISK041,0,online,yes,no,7,HUSA_52011_FIS1_SAS_MIDRANGE,80.00GB,striped,yes,on,balanced,no,7,HUSA_52011_FIS1_SAS_MIDRANGE,no
381,CLUIE00030_2DC_DISK029,0,online,yes,no,7,HUSA_52011_FIS1_SAS_MIDRANGE,180.00GB,striped,yes,on,balanced,no,7,HUSA_52011_FIS1_SAS_MIDRANGE,no
399,VDI_TE0-C2-SC_2DC_DISK006,0,online,yes,no,7,HUSA_52011_FIS1_SAS_MIDRANGE,2.00TB,striped,yes,on,balanced,no,7,HUSA_52011_FIS1_SAS_MIDRANGE,no
400,VDI_TE0-C2-SC_2DC_DISK007,0,online,yes,yes,7,HUSA_52011_FIS1_SAS_MIDRANGE,2.00TB,striped,yes,on,balanced,no,7,HUSA_52011_FIS1_SAS_MIDRANGE,no
540,CLUTE00660_2DC_DISK001,0,online,yes,yes,7,HUSA_52011_FIS1_SAS_MIDRANGE,1.00GB,striped,yes,on,balanced,no,7,HUSA_52011_FIS1_SAS_MIDRANGE,no
541,CLUTE00660_2DC_DISK002,0,online,yes,no,7,HUSA_52011_FIS1_SAS_MIDRANGE,20.00GB,striped,yes,on,balanced,no,7,HUSA_52011_FIS1_SAS_MIDRANGE,no
542,CLUTE00660_2DC_DISK003,0,online,yes,yes,7,HUSA_52011_FIS1_SAS_MIDRANGE,10.00GB,striped,yes,on,balanced,no,7,HUSA_52011_FIS1_SAS_MIDRANGE,no
543,CLUTE00660_2DC_DISK004,0,online,yes,no,7,HUSA_52011_FIS1_SAS_MIDRANGE,20.00GB,striped,yes,on,balanced,no,7,HUSA_52011_FIS1_SAS_MIDRANGE,no
544,CLUTE00660_2DC_DISK005,0,online,yes,yes,7,HUSA_52011_FIS1_SAS_MIDRANGE,20.00GB,striped,yes,on,balanced,no,7,HUSA_52011_FIS1_SAS_MIDRANGE,no
545,CLUTE00660_2DC_DISK006,0,online,yes,no,7,HUSA_52011_FIS1_SAS_MIDRANGE,20.00GB,striped,yes,on,balanced,no,7,HUSA_52011_FIS1_SAS_MIDRANGE,no
546,CLUTE00660_2DC_DISK007,0,online,yes,yes,7,HUSA_52011_FIS1_SAS_MIDRANGE,10.00GB,striped,yes,on,balanced,no,7,HUSA_52011_FIS1_SAS_MIDRANGE,no
547,CLUTE00660_2DC_DISK008,0,online,yes,no,7,HUSA_52011_FIS1_SAS_MIDRANGE,20.00GB,striped,yes,on,balanced,no,7,HUSA_52011_FIS1_SAS_MIDRANGE,no
548,CLUTE00660_2DC_DISK009,0,online,yes,yes,7,HUSA_52011_FIS1_SAS_MIDRANGE,10.00GB,striped,yes,on,balanced,no,7,HUSA_52011_FIS1_SAS_MIDRANGE,no
549,CLUTE00660_2DC_DISK010,0,online,yes,no,7,HUSA_52011_FIS1_SAS_MIDRANGE,20.00GB,striped,yes,on,balanced,no,7,HUSA_52011_FIS1_SAS_MIDRANGE,no
550,CLUTE00660_2DC_DISK011,0,online,yes,yes,7,HUSA_52011_FIS1_SAS_MIDRANGE,20.00GB,striped,yes,on,balanced,no,7,HUSA_52011_FIS1_SAS_MIDRANGE,no
551,CLUTE00660_2DC_DISK012,0,online,yes,no,7,HUSA_52011_FIS1_SAS_MIDRANGE,50.00GB,striped,yes,on,balanced,no,7,HUSA_52011_FIS1_SAS_MIDRANGE,no
694,CLUTE00170_2DC_DISK001,0,online,yes,yes,7,HUSA_52011_FIS1_SAS_MIDRANGE,2.00GB,striped,yes,on,balanced,no,7,HUSA_52011_FIS1_SAS_MIDRANGE,no
702,CLUIE00030_2DC_DISK042,0,online,yes,yes,7,HUSA_52011_FIS1_SAS_MIDRANGE,15.00GB,striped,yes,on,balanced,no,7,HUSA_52011_FIS1_SAS_MIDRANGE,no
703,CLUTE01560_2DC_DISK022,0,online,yes,no,7,HUSA_52011_FIS1_SAS_MIDRANGE,2.00GB,striped,yes,on,balanced,no,7,HUSA_52011_FIS1_SAS_MIDRANGE,no
704,CLUTE01560_2DC_DISK023,0,online,yes,yes,7,HUSA_52011_FIS1_SAS_MIDRANGE,2.00GB,striped,yes,on,balanced,no,7,HUSA_52011_FIS1_SAS_MIDRANGE,no
705,CLUTE01560_2DC_DISK024,0,online,yes,no,7,HUSA_52011_FIS1_SAS_MIDRANGE,2.00GB,striped,yes,on,balanced,no,7,HUSA_52011_FIS1_SAS_MIDRANGE,no
706,CLUTE01560_2DC_DISK025,0,online,yes,yes,7,HUSA_52011_FIS1_SAS_MIDRANGE,32.00GB,striped,yes,on,balanced,no,7,HUSA_52011_FIS1_SAS_MIDRANGE,no
707,CLUTE01560_2DC_DISK026,0,online,yes,no,7,HUSA_52011_FIS1_SAS_MIDRANGE,32.00GB,striped,yes,on,balanced,no,7,HUSA_52011_FIS1_SAS_MIDRANGE,no
708,CLUTE01560_2DC_DISK027,0,online,yes,yes,7,HUSA_52011_FIS1_SAS_MIDRANGE,32.00GB,striped,yes,on,balanced,no,7,HUSA_52011_FIS1_SAS_MIDRANGE,no
709,CLUTE01560_2DC_DISK028,0,online,yes,no,7,HUSA_52011_FIS1_SAS_MIDRANGE,15.00GB,striped,yes,on,balanced,no,7,HUSA_52011_FIS1_SAS_MIDRANGE,no
710,CLUTE01560_2DC_DISK029,0,online,yes,yes,7,HUSA_52011_FIS1_SAS_MIDRANGE,15.00GB,striped,yes,on,balanced,no,7,HUSA_52011_FIS1_SAS_MIDRANGE,no
711,CLUTE01560_2DC_DISK030,0,online,yes,no,7,HUSA_52011_FIS1_SAS_MIDRANGE,15.00GB,striped,yes,on,balanced,no,7,HUSA_52011_FIS1_SAS_MIDRANGE,no
712,CLUTE01560_2DC_DISK031,0,online,yes,yes,7,HUSA_52011_FIS1_SAS_MIDRANGE,100.00GB,striped,yes,on,balanced,no,7,HUSA_52011_FIS1_SAS_MIDRANGE,no
713,CLUTE01560_2DC_DISK032,0,online,yes,no,7,HUSA_52011_FIS1_SAS_MIDRANGE,15.00GB,striped,yes,on,balanced,no,7,HUSA_52011_FIS1_SAS_MIDRANGE,no
714,CLUTE01560_2DC_DISK033,0,online,yes,yes,7,HUSA_52011_FIS1_SAS_MIDRANGE,100.00GB,striped,yes,on,balanced,no,7,HUSA_52011_FIS1_SAS_MIDRANGE,no
715,CLUTE01560_2DC_DISK034,0,online,yes,no,7,HUSA_52011_FIS1_SAS_MIDRANGE,30.00GB,striped,yes,on,balanced,no,7,HUSA_52011_FIS1_SAS_MIDRANGE,no
725,CLUIE00010_2DC_DISK001,0,online,yes,no,7,HUSA_52011_FIS1_SAS_MIDRANGE,2.00GB,striped,yes,on,balanced,no,7,HUSA_52011_FIS1_SAS_MIDRANGE,no
785,CLUIE00010_2DC_DISK002,0,online,yes,no,7,HUSA_52011_FIS1_SAS_MIDRANGE,600.00GB,striped,yes,on,balanced,no,7,HUSA_52011_FIS1_SAS_MIDRANGE,no
786,CLUIE00010_2DC_DISK003,0,online,yes,yes,7,HUSA_52011_FIS1_SAS_MIDRANGE,600.00GB,striped,yes,on,balanced,no,7,HUSA_52011_FIS1_SAS_MIDRANGE,no
881,CLUTE00140_2DC_DISK001,0,online,yes,no,7,HUSA_52011_FIS1_SAS_MIDRANGE,1.10GB,striped,yes,on,balanced,no,7,HUSA_52011_FIS1_SAS_MIDRANGE,no
883,CLUTE00140_2DC_DISK003,0,online,yes,no,7,HUSA_52011_FIS1_SAS_MIDRANGE,108.81GB,striped,yes,on,balanced,no,7,HUSA_52011_FIS1_SAS_MIDRANGE,no
884,CLUTE00140_2DC_DISK004,0,online,yes,yes,7,HUSA_52011_FIS1_SAS_MIDRANGE,108.81GB,striped,yes,on,balanced,no,7,HUSA_52011_FIS1_SAS_MIDRANGE,no
885,CLUTE00140_2DC_DISK005,0,online,yes,no,7,HUSA_52011_FIS1_SAS_MIDRANGE,108.81GB,striped,yes,on,balanced,no,7,HUSA_52011_FIS1_SAS_MIDRANGE,no
886,CLUTE00150_2DC_DISK001,0,online,yes,yes,7,HUSA_52011_FIS1_SAS_MIDRANGE,1.10GB,striped,yes,on,balanced,no,7,HUSA_52011_FIS1_SAS_MIDRANGE,no
887,CLUTE00150_2DC_DISK002,0,online,yes,no,7,HUSA_52011_FIS1_SAS_MIDRANGE,108.81GB,striped,yes,on,balanced,no,7,HUSA_52011_FIS1_SAS_MIDRANGE,no
888,CLUTE00150_2DC_DISK003,0,online,yes,yes,7,HUSA_52011_FIS1_SAS_MIDRANGE,108.81GB,striped,yes,on,balanced,no,7,HUSA_52011_FIS1_SAS_MIDRANGE,no
889,CLUTE00150_2DC_DISK004,0,online,yes,no,7,HUSA_52011_FIS1_SAS_MIDRANGE,108.81GB,striped,yes,on,balanced,no,7,HUSA_52011_FIS1_SAS_MIDRANGE,no
890,CLUTE00150_2DC_DISK005,0,online,yes,yes,7,HUSA_52011_FIS1_SAS_MIDRANGE,108.81GB,striped,yes,on,balanced,no,7,HUSA_52011_FIS1_SAS_MIDRANGE,no
896,CLUTE00170_2DC_DISK003,0,online,yes,yes,7,HUSA_52011_FIS1_SAS_MIDRANGE,108.81GB,striped,yes,on,balanced,no,7,HUSA_52011_FIS1_SAS_MIDRANGE,no
929,CLUIE00180_2DC_DISK056,0,online,yes,no,7,HUSA_52011_FIS1_SAS_MIDRANGE,250.00GB,striped,yes,on,balanced,no,7,HUSA_52011_FIS1_SAS_MIDRANGE,no
934,CLUTE01560_2DC_DISK042,0,online,yes,yes,7,HUSA_52011_FIS1_SAS_MIDRANGE,30.00GB,striped,yes,on,balanced,no,7,HUSA_52011_FIS1_SAS_MIDRANGE,no
935,CLUTE01560_2DC_DISK043,0,online,yes,no,7,HUSA_52011_FIS1_SAS_MIDRANGE,65.00GB,striped,yes,on,balanced,no,7,HUSA_52011_FIS1_SAS_MIDRANGE,no
936,CLUTE01560_2DC_DISK044,0,online,yes,yes,7,HUSA_52011_FIS1_SAS_MIDRANGE,115.00GB,striped,yes,on,balanced,no,7,HUSA_52011_FIS1_SAS_MIDRANGE,no
937,CLUTE01560_2DC_DISK045,0,online,yes,no,7,HUSA_52011_FIS1_SAS_MIDRANGE,965.00GB,striped,yes,on,balanced,no,7,HUSA_52011_FIS1_SAS_MIDRANGE,no
938,CLUTE01560_2DC_DISK046,0,online,yes,yes,7,HUSA_52011_FIS1_SAS_MIDRANGE,85.00GB,striped,yes,on,balanced,no,7,HUSA_52011_FIS1_SAS_MIDRANGE,no
939,CLUTE01560_2DC_DISK047,0,online,yes,no,7,HUSA_52011_FIS1_SAS_MIDRANGE,380.00GB,striped,yes,on,balanced,no,7,HUSA_52011_FIS1_SAS_MIDRANGE,no
976,CLUIE00010_2DC_DISK004,0,online,yes,yes,7,HUSA_52011_FIS1_SAS_MIDRANGE,600.00GB,striped,yes,on,balanced,no,7,HUSA_52011_FIS1_SAS_MIDRANGE,no
979,CLUTE00140_2DC_DISK002,0,online,yes,no,7,HUSA_52011_FIS1_SAS_MIDRANGE,108.81GB,striped,yes,on,balanced,no,7,HUSA_52011_FIS1_SAS_MIDRANGE,no
988,CLUTE01560_2DC_DISK048,0,online,yes,yes,7,HUSA_52011_FIS1_SAS_MIDRANGE,2.00GB,striped,yes,on,balanced,no,7,HUSA_52011_FIS1_SAS_MIDRANGE,no
994,CLUTE01560_2DC_DISK056,0,online,yes,yes,7,HUSA_52011_FIS1_SAS_MIDRANGE,750.00GB,striped,yes,on,balanced,no,7,HUSA_52011_FIS1_SAS_MIDRANGE,no
995,CLUTE01560_2DC_DISK057,0,online,yes,no,7,HUSA_52011_FIS1_SAS_MIDRANGE,250.00GB,striped,yes,on,balanced,no,7,HUSA_52011_FIS1_SAS_MIDRANGE,no
1007,VDI_IE0-C6-SC_2DC_DISK002,0,online,yes,no,7,HUSA_52011_FIS1_SAS_MIDRANGE,4.00TB,striped,yes,on,balanced,no,7,HUSA_52011_FIS1_SAS_MIDRANGE,no
1012,VDI_IE0-C6-SC_2DC_DISK003,0,online,yes,yes,7,HUSA_52011_FIS1_SAS_MIDRANGE,4.00TB,striped,yes,on,balanced,no,7,HUSA_52011_FIS1_SAS_MIDRANGE,no
1203,CLUIE00030_2DC_DISK043,0,online,yes,no,7,HUSA_52011_FIS1_SAS_MIDRANGE,30.00GB,striped,yes,on,balanced,no,7,HUSA_52011_FIS1_SAS_MIDRANGE,no
1204,CLUIE00030_2DC_DISK044,0,online,yes,yes,7,HUSA_52011_FIS1_SAS_MIDRANGE,15.00GB,striped,yes,on,balanced,no,7,HUSA_52011_FIS1_SAS_MIDRANGE,no
1205,CLUTE01560_2DC_DISK035,0,online,yes,no,7,HUSA_52011_FIS1_SAS_MIDRANGE,30.00GB,striped,yes,on,balanced,no,7,HUSA_52011_FIS1_SAS_MIDRANGE,no
1207,CLUTE01560_2DC_DISK036,0,online,yes,no,7,HUSA_52011_FIS1_SAS_MIDRANGE,15.00GB,striped,yes,on,balanced,no,7,HUSA_52011_FIS1_SAS_MIDRANGE,no
1212,VDI_IE0-C2-SC_2DC_DISK028,0,online,yes,yes,7,HUSA_52011_FIS1_SAS_MIDRANGE,4.00TB,striped,yes,on,balanced,no,7,HUSA_52011_FIS1_SAS_MIDRANGE,no
1213,VDI_IE0-C2-SC_2DC_DISK029,0,online,yes,no,7,HUSA_52011_FIS1_SAS_MIDRANGE,4.00TB,striped,yes,on,balanced,no,7,HUSA_52011_FIS1_SAS_MIDRANGE,no
1365,CLUIE00010_2DC_DISK005,0,online,yes,no,7,HUSA_52011_FIS1_SAS_MIDRANGE,600.00GB,striped,yes,on,balanced,no,7,HUSA_52011_FIS1_SAS_MIDRANGE,no
1384,ESX_TE0-C2-SC_2DC_DISK118,0,online,yes,yes,7,HUSA_52011_FIS1_SAS_MIDRANGE,1.00TB,striped,yes,on,balanced,no,7,HUSA_52011_FIS1_SAS_MIDRANGE,no
1385,ESX_TE0-C2-SC_2DC_DISK119,0,online,yes,no,7,HUSA_52011_FIS1_SAS_MIDRANGE,1.00TB,striped,yes,on,balanced,no,7,HUSA_52011_FIS1_SAS_MIDRANGE,no
1386,ESX_TE0-C2-SC_2DC_DISK120,0,online,yes,yes,7,HUSA_52011_FIS1_SAS_MIDRANGE,1.00TB,striped,yes,on,balanced,no,7,HUSA_52011_FIS1_SAS_MIDRANGE,no
1387,ESX_TE0-C2-SC_2DC_DISK121,0,online,yes,no,7,HUSA_52011_FIS1_SAS_MIDRANGE,1.00TB,striped,yes,on,balanced,no,7,HUSA_52011_FIS1_SAS_MIDRANGE,no
1388,ESX_TE0-C2-SC_2DC_DISK122,0,online,yes,yes,7,HUSA_52011_FIS1_SAS_MIDRANGE,1.00TB,striped,yes,on,balanced,no,7,HUSA_52011_FIS1_SAS_MIDRANGE,no
1389,ESX_TE0-C2-SC_2DC_DISK123,0,online,yes,no,7,HUSA_52011_FIS1_SAS_MIDRANGE,1.00TB,striped,yes,on,balanced,no,7,HUSA_52011_FIS1_SAS_MIDRANGE,no
1390,ESX_TE0-C2-SC_2DC_DISK124,0,online,yes,yes,7,HUSA_52011_FIS1_SAS_MIDRANGE,4.00TB,striped,yes,on,balanced,no,7,HUSA_52011_FIS1_SAS_MIDRANGE,no
1507,CLUIE00180_2DC_DISK001,0,online,yes,no,7,HUSA_52011_FIS1_SAS_MIDRANGE,27.20GB,striped,yes,on,balanced,no,7,HUSA_52011_FIS1_SAS_MIDRANGE,no
1508,CLUIE00180_2DC_DISK002,0,online,yes,yes,7,HUSA_52011_FIS1_SAS_MIDRANGE,5.00GB,striped,yes,on,balanced,no,7,HUSA_52011_FIS1_SAS_MIDRANGE,no
1509,CLUIE00180_2DC_DISK003,0,online,yes,no,7,HUSA_52011_FIS1_SAS_MIDRANGE,27.20GB,striped,yes,on,balanced,no,7,HUSA_52011_FIS1_SAS_MIDRANGE,no
1510,CLUIE00180_2DC_DISK004,0,online,yes,yes,7,HUSA_52011_FIS1_SAS_MIDRANGE,27.20GB,striped,yes,on,balanced,no,7,HUSA_52011_FIS1_SAS_MIDRANGE,no
1511,CLUIE00180_2DC_DISK005,0,online,yes,no,7,HUSA_52011_FIS1_SAS_MIDRANGE,27.20GB,striped,yes,on,balanced,no,7,HUSA_52011_FIS1_SAS_MIDRANGE,no
1512,CLUIE00180_2DC_DISK006,0,online,yes,yes,7,HUSA_52011_FIS1_SAS_MIDRANGE,5.00GB,striped,yes,on,balanced,no,7,HUSA_52011_FIS1_SAS_MIDRANGE,no
1513,CLUIE00180_2DC_DISK007,0,online,yes,no,7,HUSA_52011_FIS1_SAS_MIDRANGE,27.20GB,striped,yes,on,balanced,no,7,HUSA_52011_FIS1_SAS_MIDRANGE,no
1514,CLUIE00180_2DC_DISK008,0,online,yes,yes,7,HUSA_52011_FIS1_SAS_MIDRANGE,27.20GB,striped,yes,on,balanced,no,7,HUSA_52011_FIS1_SAS_MIDRANGE,no
1515,CLUIE00180_2DC_DISK009,0,online,yes,no,7,HUSA_52011_FIS1_SAS_MIDRANGE,27.20GB,striped,yes,on,balanced,no,7,HUSA_52011_FIS1_SAS_MIDRANGE,no
1516,CLUIE00180_2DC_DISK010,0,online,yes,yes,7,HUSA_52011_FIS1_SAS_MIDRANGE,5.00GB,striped,yes,on,balanced,no,7,HUSA_52011_FIS1_SAS_MIDRANGE,no
1517,CLUIE00180_2DC_DISK011,0,online,yes,no,7,HUSA_52011_FIS1_SAS_MIDRANGE,5.00GB,striped,yes,on,balanced,no,7,HUSA_52011_FIS1_SAS_MIDRANGE,no
1518,CLUIE00180_2DC_DISK012,0,online,yes,yes,7,HUSA_52011_FIS1_SAS_MIDRANGE,5.00GB,striped,yes,on,balanced,no,7,HUSA_52011_FIS1_SAS_MIDRANGE,no
1519,CLUIE00180_2DC_DISK013,0,online,yes,no,7,HUSA_52011_FIS1_SAS_MIDRANGE,13.60GB,striped,yes,on,balanced,no,7,HUSA_52011_FIS1_SAS_MIDRANGE,no
1520,CLUIE00180_2DC_DISK014,0,online,yes,yes,7,HUSA_52011_FIS1_SAS_MIDRANGE,5.00GB,striped,yes,on,balanced,no,7,HUSA_52011_FIS1_SAS_MIDRANGE,no
1521,CLUIE00180_2DC_DISK015,0,online,yes,no,7,HUSA_52011_FIS1_SAS_MIDRANGE,13.60GB,striped,yes,on,balanced,no,7,HUSA_52011_FIS1_SAS_MIDRANGE,no
1522,CLUIE00180_2DC_DISK016,0,online,yes,yes,7,HUSA_52011_FIS1_SAS_MIDRANGE,13.60GB,striped,yes,on,balanced,no,7,HUSA_52011_FIS1_SAS_MIDRANGE,no
1523,CLUIE00180_2DC_DISK017,0,online,yes,no,7,HUSA_52011_FIS1_SAS_MIDRANGE,54.40GB,striped,yes,on,balanced,no,7,HUSA_52011_FIS1_SAS_MIDRANGE,no
1524,CLUIE00180_2DC_DISK018,0,online,yes,yes,7,HUSA_52011_FIS1_SAS_MIDRANGE,54.40GB,striped,yes,on,balanced,no,7,HUSA_52011_FIS1_SAS_MIDRANGE,no
1525,CLUIE00180_2DC_DISK019,0,online,yes,no,7,HUSA_52011_FIS1_SAS_MIDRANGE,54.40GB,striped,yes,on,balanced,no,7,HUSA_52011_FIS1_SAS_MIDRANGE,no
1526,CLUIE00180_2DC_DISK020,0,online,yes,yes,7,HUSA_52011_FIS1_SAS_MIDRANGE,54.40GB,striped,yes,on,balanced,no,7,HUSA_52011_FIS1_SAS_MIDRANGE,no
1527,CLUIE00180_2DC_DISK021,0,online,yes,no,7,HUSA_52011_FIS1_SAS_MIDRANGE,5.00GB,striped,yes,on,balanced,no,7,HUSA_52011_FIS1_SAS_MIDRANGE,no
1528,CLUIE00180_2DC_DISK022,0,online,yes,yes,7,HUSA_52011_FIS1_SAS_MIDRANGE,1.10GB,striped,yes,on,balanced,no,7,HUSA_52011_FIS1_SAS_MIDRANGE,no
1529,CLUIE00180_2DC_DISK023,0,online,yes,no,7,HUSA_52011_FIS1_SAS_MIDRANGE,1.10GB,striped,yes,on,balanced,no,7,HUSA_52011_FIS1_SAS_MIDRANGE,no
1530,CLUIE00180_2DC_DISK024,0,online,yes,yes,7,HUSA_52011_FIS1_SAS_MIDRANGE,1.10GB,striped,yes,on,balanced,no,7,HUSA_52011_FIS1_SAS_MIDRANGE,no
1531,CLUIE00180_2DC_DISK025,0,online,yes,no,7,HUSA_52011_FIS1_SAS_MIDRANGE,1.10GB,striped,yes,on,balanced,no,7,HUSA_52011_FIS1_SAS_MIDRANGE,no
1532,CLUIE00180_2DC_DISK026,0,online,yes,yes,7,HUSA_52011_FIS1_SAS_MIDRANGE,1.10GB,striped,yes,on,balanced,no,7,HUSA_52011_FIS1_SAS_MIDRANGE,no
1533,CLUIE00180_2DC_DISK027,0,online,yes,no,7,HUSA_52011_FIS1_SAS_MIDRANGE,1.10GB,striped,yes,on,balanced,no,7,HUSA_52011_FIS1_SAS_MIDRANGE,no
1534,CLUIE00180_2DC_DISK028,0,online,yes,yes,7,HUSA_52011_FIS1_SAS_MIDRANGE,1.10GB,striped,yes,on,balanced,no,7,HUSA_52011_FIS1_SAS_MIDRANGE,no
1535,CLUIE00180_2DC_DISK029,0,online,yes,no,7,HUSA_52011_FIS1_SAS_MIDRANGE,1.10GB,striped,yes,on,balanced,no,7,HUSA_52011_FIS1_SAS_MIDRANGE,no
1536,CLUIE00180_2DC_DISK030,0,online,yes,yes,7,HUSA_52011_FIS1_SAS_MIDRANGE,1.10GB,striped,yes,on,balanced,no,7,HUSA_52011_FIS1_SAS_MIDRANGE,no
1537,CLUIE00180_2DC_DISK031,0,online,yes,no,7,HUSA_52011_FIS1_SAS_MIDRANGE,1.10GB,striped,yes,on,balanced,no,7,HUSA_52011_FIS1_SAS_MIDRANGE,no
1538,CLUIE00180_2DC_DISK032,0,online,yes,yes,7,HUSA_52011_FIS1_SAS_MIDRANGE,1.10GB,striped,yes,on,balanced,no,7,HUSA_52011_FIS1_SAS_MIDRANGE,no
1539,CLUIE00180_2DC_DISK033,0,online,yes,no,7,HUSA_52011_FIS1_SAS_MIDRANGE,1.10GB,striped,yes,on,balanced,no,7,HUSA_52011_FIS1_SAS_MIDRANGE,no
1540,CLUIE00180_2DC_DISK034,0,online,yes,yes,7,HUSA_52011_FIS1_SAS_MIDRANGE,1.10GB,striped,yes,on,balanced,no,7,HUSA_52011_FIS1_SAS_MIDRANGE,no
1541,CLUIE00180_2DC_DISK035,0,online,yes,no,7,HUSA_52011_FIS1_SAS_MIDRANGE,1.10GB,striped,yes,on,balanced,no,7,HUSA_52011_FIS1_SAS_MIDRANGE,no
1542,CLUIE00180_2DC_DISK036,0,online,yes,yes,7,HUSA_52011_FIS1_SAS_MIDRANGE,1.10GB,striped,yes,on,balanced,no,7,HUSA_52011_FIS1_SAS_MIDRANGE,no
1543,CLUIE00180_2DC_DISK037,0,online,yes,no,7,HUSA_52011_FIS1_SAS_MIDRANGE,1.10GB,striped,yes,on,balanced,no,7,HUSA_52011_FIS1_SAS_MIDRANGE,no
1544,CLUIE00180_2DC_DISK038,0,online,yes,yes,7,HUSA_52011_FIS1_SAS_MIDRANGE,1.10GB,striped,yes,on,balanced,no,7,HUSA_52011_FIS1_SAS_MIDRANGE,no
1545,CLUIE00180_2DC_DISK039,0,online,yes,no,7,HUSA_52011_FIS1_SAS_MIDRANGE,1.10GB,striped,yes,on,balanced,no,7,HUSA_52011_FIS1_SAS_MIDRANGE,no
1546,CLUIE00180_2DC_DISK040,0,online,yes,yes,7,HUSA_52011_FIS1_SAS_MIDRANGE,1.10GB,striped,yes,on,balanced,no,7,HUSA_52011_FIS1_SAS_MIDRANGE,no
1547,CLUIE00180_2DC_DISK041,0,online,yes,no,7,HUSA_52011_FIS1_SAS_MIDRANGE,108.81GB,striped,yes,on,balanced,no,7,HUSA_52011_FIS1_SAS_MIDRANGE,no
1548,CLUIE00180_2DC_DISK042,0,online,yes,yes,7,HUSA_52011_FIS1_SAS_MIDRANGE,108.81GB,striped,yes,on,balanced,no,7,HUSA_52011_FIS1_SAS_MIDRANGE,no
1549,CLUIE00180_2DC_DISK043,0,online,yes,no,7,HUSA_52011_FIS1_SAS_MIDRANGE,108.81GB,striped,yes,on,balanced,no,7,HUSA_52011_FIS1_SAS_MIDRANGE,no
1550,CLUIE00180_2DC_DISK044,0,online,yes,yes,7,HUSA_52011_FIS1_SAS_MIDRANGE,200.00GB,striped,yes,on,balanced,no,7,HUSA_52011_FIS1_SAS_MIDRANGE,no
1551,CLUIE00180_2DC_DISK045,0,online,yes,no,7,HUSA_52011_FIS1_SAS_MIDRANGE,108.81GB,striped,yes,on,balanced,no,7,HUSA_52011_FIS1_SAS_MIDRANGE,no
1552,CLUIE00180_2DC_DISK046,0,online,yes,yes,7,HUSA_52011_FIS1_SAS_MIDRANGE,5.00GB,striped,yes,on,balanced,no,7,HUSA_52011_FIS1_SAS_MIDRANGE,no
1553,CLUIE00180_2DC_DISK047,0,online,yes,no,7,HUSA_52011_FIS1_SAS_MIDRANGE,5.00GB,striped,yes,on,balanced,no,7,HUSA_52011_FIS1_SAS_MIDRANGE,no
1554,CLUIE00180_2DC_DISK048,0,online,yes,yes,7,HUSA_52011_FIS1_SAS_MIDRANGE,114.40GB,striped,yes,on,balanced,no,7,HUSA_52011_FIS1_SAS_MIDRANGE,no
1555,CLUIE00180_2DC_DISK049,0,online,yes,no,7,HUSA_52011_FIS1_SAS_MIDRANGE,54.40GB,striped,yes,on,balanced,no,7,HUSA_52011_FIS1_SAS_MIDRANGE,no
1556,CLUIE00180_2DC_DISK050,0,online,yes,yes,7,HUSA_52011_FIS1_SAS_MIDRANGE,54.40GB,striped,yes,on,balanced,no,7,HUSA_52011_FIS1_SAS_MIDRANGE,no
1557,CLUIE00180_2DC_DISK051,0,online,yes,no,7,HUSA_52011_FIS1_SAS_MIDRANGE,13.60GB,striped,yes,on,balanced,no,7,HUSA_52011_FIS1_SAS_MIDRANGE,no
1558,CLUIE00180_2DC_DISK052,0,online,yes,yes,7,HUSA_52011_FIS1_SAS_MIDRANGE,13.60GB,striped,yes,on,balanced,no,7,HUSA_52011_FIS1_SAS_MIDRANGE,no
1559,CLUIE00180_2DC_DISK053,0,online,yes,no,7,HUSA_52011_FIS1_SAS_MIDRANGE,5.00GB,striped,yes,on,balanced,no,7,HUSA_52011_FIS1_SAS_MIDRANGE,no
1560,CLUIE00180_2DC_DISK054,0,online,yes,yes,7,HUSA_52011_FIS1_SAS_MIDRANGE,108.81GB,striped,yes,on,balanced,no,7,HUSA_52011_FIS1_SAS_MIDRANGE,no
1561,CLUIE00180_2DC_DISK055,0,online,yes,no,7,HUSA_52011_FIS1_SAS_MIDRANGE,270.00GB,striped,yes,on,balanced,no,7,HUSA_52011_FIS1_SAS_MIDRANGE,no
1565,CLUIE00250_2DC_DISK001,0,online,yes,no,7,HUSA_52011_FIS1_SAS_MIDRANGE,5.00GB,striped,yes,on,balanced,no,7,HUSA_52011_FIS1_SAS_MIDRANGE,no
1566,CLUIE00250_2DC_DISK002,0,online,yes,yes,7,HUSA_52011_FIS1_SAS_MIDRANGE,55.00GB,striped,yes,on,balanced,no,7,HUSA_52011_FIS1_SAS_MIDRANGE,no
1567,CLUIE00250_2DC_DISK003,0,online,yes,no,7,HUSA_52011_FIS1_SAS_MIDRANGE,5.00GB,striped,yes,on,balanced,no,7,HUSA_52011_FIS1_SAS_MIDRANGE,no
2637,CLUTE01560_2DC_DISK049,0,online,yes,no,7,HUSA_52011_FIS1_SAS_MIDRANGE,2.00GB,striped,yes,on,balanced,no,7,HUSA_52011_FIS1_SAS_MIDRANGE,no
2638,CLUTE01560_2DC_DISK050,0,online,yes,yes,7,HUSA_52011_FIS1_SAS_MIDRANGE,50.00GB,striped,yes,on,balanced,no,7,HUSA_52011_FIS1_SAS_MIDRANGE,no
2639,CLUTE01560_2DC_DISK051,0,online,yes,no,7,HUSA_52011_FIS1_SAS_MIDRANGE,100.00GB,striped,yes,on,balanced,no,7,HUSA_52011_FIS1_SAS_MIDRANGE,no
2640,CLUTE01560_2DC_DISK052,0,online,yes,yes,7,HUSA_52011_FIS1_SAS_MIDRANGE,2.00GB,striped,yes,on,balanced,no,7,HUSA_52011_FIS1_SAS_MIDRANGE,no
2641,CLUTE01560_2DC_DISK053,0,online,yes,no,7,HUSA_52011_FIS1_SAS_MIDRANGE,20.00GB,striped,yes,on,balanced,no,7,HUSA_52011_FIS1_SAS_MIDRANGE,no
2645,VDI_IE0-C6-SC_2DC_DISK001,0,online,yes,no,7,HUSA_52011_FIS1_SAS_MIDRANGE,4.00TB,striped,yes,on,balanced,no,7,HUSA_52011_FIS1_SAS_MIDRANGE,no
2751,CLUTE01560_2DC_DISK054,0,online,yes,no,7,HUSA_52011_FIS1_SAS_MIDRANGE,900.00GB,striped,yes,on,balanced,no,7,HUSA_52011_FIS1_SAS_MIDRANGE,no
2752,CLUTE01560_2DC_DISK055,0,online,yes,yes,7,HUSA_52011_FIS1_SAS_MIDRANGE,300.00GB,striped,yes,on,balanced,no,7,HUSA_52011_FIS1_SAS_MIDRANGE,no
2762,CLUIE00250_2DC_DISK004,0,online,yes,yes,7,HUSA_52011_FIS1_SAS_MIDRANGE,30.00GB,striped,yes,on,balanced,no,7,HUSA_52011_FIS1_SAS_MIDRANGE,no
2763,CLUIE00250_2DC_DISK005,0,online,yes,no,7,HUSA_52011_FIS1_SAS_MIDRANGE,30.00GB,striped,yes,on,balanced,no,7,HUSA_52011_FIS1_SAS_MIDRANGE,no
2764,CLUIE00250_2DC_DISK006,0,online,yes,yes,7,HUSA_52011_FIS1_SAS_MIDRANGE,30.00GB,striped,yes,on,balanced,no,7,HUSA_52011_FIS1_SAS_MIDRANGE,no
2765,CLUIE00250_2DC_DISK007,0,online,yes,no,7,HUSA_52011_FIS1_SAS_MIDRANGE,15.00GB,striped,yes,on,balanced,no,7,HUSA_52011_FIS1_SAS_MIDRANGE,no
2766,CLUIE00250_2DC_DISK008,0,online,yes,yes,7,HUSA_52011_FIS1_SAS_MIDRANGE,500.00GB,striped,yes,on,balanced,no,7,HUSA_52011_FIS1_SAS_MIDRANGE,no
2767,CLUIE00250_2DC_DISK009,0,online,yes,no,7,HUSA_52011_FIS1_SAS_MIDRANGE,150.00GB,striped,yes,on,balanced,no,7,HUSA_52011_FIS1_SAS_MIDRANGE,no
2768,CLUIE00250_2DC_DISK010,0,online,yes,yes,7,HUSA_52011_FIS1_SAS_MIDRANGE,5.00GB,striped,yes,on,balanced,no,7,HUSA_52011_FIS1_SAS_MIDRANGE,no
2769,CLUIE00250_2DC_DISK011,0,online,yes,no,7,HUSA_52011_FIS1_SAS_MIDRANGE,5.00GB,striped,yes,on,balanced,no,7,HUSA_52011_FIS1_SAS_MIDRANGE,no
2770,CLUIE00250_2DC_DISK012,0,online,yes,yes,7,HUSA_52011_FIS1_SAS_MIDRANGE,5.00GB,striped,yes,on,balanced,no,7,HUSA_52011_FIS1_SAS_MIDRANGE,no
2771,CLUIE00250_2DC_DISK013,0,online,yes,no,7,HUSA_52011_FIS1_SAS_MIDRANGE,30.00GB,striped,yes,on,balanced,no,7,HUSA_52011_FIS1_SAS_MIDRANGE,no
2772,CLUIE00250_2DC_DISK014,0,online,yes,yes,7,HUSA_52011_FIS1_SAS_MIDRANGE,30.00GB,striped,yes,on,balanced,no,7,HUSA_52011_FIS1_SAS_MIDRANGE,no
2773,CLUIE00250_2DC_DISK015,0,online,yes,no,7,HUSA_52011_FIS1_SAS_MIDRANGE,30.00GB,striped,yes,on,balanced,no,7,HUSA_52011_FIS1_SAS_MIDRANGE,no
2774,CLUIE00250_2DC_DISK016,0,online,yes,yes,7,HUSA_52011_FIS1_SAS_MIDRANGE,15.00GB,striped,yes,on,balanced,no,7,HUSA_52011_FIS1_SAS_MIDRANGE,no
2775,CLUIE00250_2DC_DISK017,0,online,yes,no,7,HUSA_52011_FIS1_SAS_MIDRANGE,300.00GB,striped,yes,on,balanced,no,7,HUSA_52011_FIS1_SAS_MIDRANGE,no
2776,CLUIE00250_2DC_DISK018,0,online,yes,yes,7,HUSA_52011_FIS1_SAS_MIDRANGE,50.00GB,striped,yes,on,balanced,no,7,HUSA_52011_FIS1_SAS_MIDRANGE,no
2777,CLUIE00250_2DC_DISK019,0,online,yes,no,7,HUSA_52011_FIS1_SAS_MIDRANGE,5.00GB,striped,yes,on,balanced,no,7,HUSA_52011_FIS1_SAS_MIDRANGE,no
2778,CLUIE00250_2DC_DISK020,0,online,yes,yes,7,HUSA_52011_FIS1_SAS_MIDRANGE,5.00GB,striped,yes,on,balanced,no,7,HUSA_52011_FIS1_SAS_MIDRANGE,no
2779,CLUIE00250_2DC_DISK021,0,online,yes,no,7,HUSA_52011_FIS1_SAS_MIDRANGE,5.00GB,striped,yes,on,balanced,no,7,HUSA_52011_FIS1_SAS_MIDRANGE,no
2780,CLUIE00250_2DC_DISK022,0,online,yes,yes,7,HUSA_52011_FIS1_SAS_MIDRANGE,30.00GB,striped,yes,on,balanced,no,7,HUSA_52011_FIS1_SAS_MIDRANGE,no
2781,CLUIE00250_2DC_DISK023,0,online,yes,no,7,HUSA_52011_FIS1_SAS_MIDRANGE,30.00GB,striped,yes,on,balanced,no,7,HUSA_52011_FIS1_SAS_MIDRANGE,no
2782,CLUIE00250_2DC_DISK024,0,online,yes,yes,7,HUSA_52011_FIS1_SAS_MIDRANGE,30.00GB,striped,yes,on,balanced,no,7,HUSA_52011_FIS1_SAS_MIDRANGE,no
2783,CLUIE00250_2DC_DISK025,0,online,yes,no,7,HUSA_52011_FIS1_SAS_MIDRANGE,15.00GB,striped,yes,on,balanced,no,7,HUSA_52011_FIS1_SAS_MIDRANGE,no
2784,CLUIE00250_2DC_DISK026,0,online,yes,yes,7,HUSA_52011_FIS1_SAS_MIDRANGE,550.00GB,striped,yes,on,balanced,no,7,HUSA_52011_FIS1_SAS_MIDRANGE,no
2785,CLUIE00250_2DC_DISK027,0,online,yes,no,7,HUSA_52011_FIS1_SAS_MIDRANGE,100.00GB,striped,yes,on,balanced,no,7,HUSA_52011_FIS1_SAS_MIDRANGE,no
2786,CLUIE00250_2DC_DISK028,0,online,yes,yes,7,HUSA_52011_FIS1_SAS_MIDRANGE,5.00GB,striped,yes,on,balanced,no,7,HUSA_52011_FIS1_SAS_MIDRANGE,no
2787,CLUIE00250_2DC_DISK029,0,online,yes,no,7,HUSA_52011_FIS1_SAS_MIDRANGE,5.00GB,striped,yes,on,balanced,no,7,HUSA_52011_FIS1_SAS_MIDRANGE,no
2788,CLUIE00250_2DC_DISK030,0,online,yes,yes,7,HUSA_52011_FIS1_SAS_MIDRANGE,5.00GB,striped,yes,on,balanced,no,7,HUSA_52011_FIS1_SAS_MIDRANGE,no
2789,CLUIE00250_2DC_DISK031,0,online,yes,no,7,HUSA_52011_FIS1_SAS_MIDRANGE,30.00GB,striped,yes,on,balanced,no,7,HUSA_52011_FIS1_SAS_MIDRANGE,no
2790,CLUIE00250_2DC_DISK032,0,online,yes,yes,7,HUSA_52011_FIS1_SAS_MIDRANGE,30.00GB,striped,yes,on,balanced,no,7,HUSA_52011_FIS1_SAS_MIDRANGE,no
2791,CLUIE00250_2DC_DISK033,0,online,yes,no,7,HUSA_52011_FIS1_SAS_MIDRANGE,30.00GB,striped,yes,on,balanced,no,7,HUSA_52011_FIS1_SAS_MIDRANGE,no
2792,CLUIE00250_2DC_DISK034,0,online,yes,yes,7,HUSA_52011_FIS1_SAS_MIDRANGE,15.00GB,striped,yes,on,balanced,no,7,HUSA_52011_FIS1_SAS_MIDRANGE,no
2793,CLUIE00250_2DC_DISK035,0,online,yes,no,7,HUSA_52011_FIS1_SAS_MIDRANGE,150.00GB,striped,yes,on,balanced,no,7,HUSA_52011_FIS1_SAS_MIDRANGE,no
2794,CLUIE00250_2DC_DISK036,0,online,yes,yes,7,HUSA_52011_FIS1_SAS_MIDRANGE,50.00GB,striped,yes,on,balanced,no,7,HUSA_52011_FIS1_SAS_MIDRANGE,no
2795,CLUIE00250_2DC_DISK037,0,online,yes,no,7,HUSA_52011_FIS1_SAS_MIDRANGE,5.00GB,striped,yes,on,balanced,no,7,HUSA_52011_FIS1_SAS_MIDRANGE,no
2796,CLUIE00250_2DC_DISK038,0,online,yes,yes,7,HUSA_52011_FIS1_SAS_MIDRANGE,5.00GB,striped,yes,on,balanced,no,7,HUSA_52011_FIS1_SAS_MIDRANGE,no
2797,CLUIE00250_2DC_DISK039,0,online,yes,no,7,HUSA_52011_FIS1_SAS_MIDRANGE,5.00GB,striped,yes,on,balanced,no,7,HUSA_52011_FIS1_SAS_MIDRANGE,no
2798,CLUIE00250_2DC_DISK040,0,online,yes,yes,7,HUSA_52011_FIS1_SAS_MIDRANGE,30.00GB,striped,yes,on,balanced,no,7,HUSA_52011_FIS1_SAS_MIDRANGE,no
2799,CLUIE00250_2DC_DISK041,0,online,yes,no,7,HUSA_52011_FIS1_SAS_MIDRANGE,30.00GB,striped,yes,on,balanced,no,7,HUSA_52011_FIS1_SAS_MIDRANGE,no
2800,CLUIE00250_2DC_DISK042,0,online,yes,yes,7,HUSA_52011_FIS1_SAS_MIDRANGE,30.00GB,striped,yes,on,balanced,no,7,HUSA_52011_FIS1_SAS_MIDRANGE,no
2801,CLUIE00250_2DC_DISK043,0,online,yes,no,7,HUSA_52011_FIS1_SAS_MIDRANGE,15.00GB,striped,yes,on,balanced,no,7,HUSA_52011_FIS1_SAS_MIDRANGE,no
2802,CLUIE00250_2DC_DISK044,0,online,yes,yes,7,HUSA_52011_FIS1_SAS_MIDRANGE,150.00GB,striped,yes,on,balanced,no,7,HUSA_52011_FIS1_SAS_MIDRANGE,no
2803,CLUIE00250_2DC_DISK045,0,online,yes,no,7,HUSA_52011_FIS1_SAS_MIDRANGE,50.00GB,striped,yes,on,balanced,no,7,HUSA_52011_FIS1_SAS_MIDRANGE,no
2804,CLUIE00250_2DC_DISK046,0,online,yes,yes,7,HUSA_52011_FIS1_SAS_MIDRANGE,5.00GB,striped,yes,on,balanced,no,7,HUSA_52011_FIS1_SAS_MIDRANGE,no
2805,CLUIE00250_2DC_DISK047,0,online,yes,no,7,HUSA_52011_FIS1_SAS_MIDRANGE,5.00GB,striped,yes,on,balanced,no,7,HUSA_52011_FIS1_SAS_MIDRANGE,no
2806,CLUIE00250_2DC_DISK048,0,online,yes,yes,7,HUSA_52011_FIS1_SAS_MIDRANGE,5.00GB,striped,yes,on,balanced,no,7,HUSA_52011_FIS1_SAS_MIDRANGE,no
2807,CLUIE00250_2DC_DISK049,0,online,yes,no,7,HUSA_52011_FIS1_SAS_MIDRANGE,30.00GB,striped,yes,on,balanced,no,7,HUSA_52011_FIS1_SAS_MIDRANGE,no
2808,CLUIE00250_2DC_DISK050,0,online,yes,yes,7,HUSA_52011_FIS1_SAS_MIDRANGE,30.00GB,striped,yes,on,balanced,no,7,HUSA_52011_FIS1_SAS_MIDRANGE,no
2809,CLUIE00250_2DC_DISK051,0,online,yes,no,7,HUSA_52011_FIS1_SAS_MIDRANGE,30.00GB,striped,yes,on,balanced,no,7,HUSA_52011_FIS1_SAS_MIDRANGE,no
2810,CLUIE00250_2DC_DISK052,0,online,yes,yes,7,HUSA_52011_FIS1_SAS_MIDRANGE,15.00GB,striped,yes,on,balanced,no,7,HUSA_52011_FIS1_SAS_MIDRANGE,no
2811,CLUIE00250_2DC_DISK053,0,online,yes,no,7,HUSA_52011_FIS1_SAS_MIDRANGE,150.00GB,striped,yes,on,balanced,no,7,HUSA_52011_FIS1_SAS_MIDRANGE,no
2812,CLUIE00250_2DC_DISK054,0,online,yes,yes,7,HUSA_52011_FIS1_SAS_MIDRANGE,50.00GB,striped,yes,on,balanced,no,7,HUSA_52011_FIS1_SAS_MIDRANGE,no
2813,CLUIE00250_2DC_DISK055,0,online,yes,no,7,HUSA_52011_FIS1_SAS_MIDRANGE,5.00GB,striped,yes,on,balanced,no,7,HUSA_52011_FIS1_SAS_MIDRANGE,no
2814,CLUIE00250_2DC_DISK056,0,online,yes,yes,7,HUSA_52011_FIS1_SAS_MIDRANGE,5.00GB,striped,yes,on,balanced,no,7,HUSA_52011_FIS1_SAS_MIDRANGE,no
2815,CLUIE00250_2DC_DISK057,0,online,yes,no,7,HUSA_52011_FIS1_SAS_MIDRANGE,5.00GB,striped,yes,on,balanced,no,7,HUSA_52011_FIS1_SAS_MIDRANGE,no
2816,CLUIE00250_2DC_DISK058,0,online,yes,yes,7,HUSA_52011_FIS1_SAS_MIDRANGE,30.00GB,striped,yes,on,balanced,no,7,HUSA_52011_FIS1_SAS_MIDRANGE,no
2817,CLUIE00250_2DC_DISK059,0,online,yes,no,7,HUSA_52011_FIS1_SAS_MIDRANGE,30.00GB,striped,yes,on,balanced,no,7,HUSA_52011_FIS1_SAS_MIDRANGE,no
2818,CLUIE00250_2DC_DISK060,0,online,yes,yes,7,HUSA_52011_FIS1_SAS_MIDRANGE,30.00GB,striped,yes,on,balanced,no,7,HUSA_52011_FIS1_SAS_MIDRANGE,no
2819,CLUIE00250_2DC_DISK061,0,online,yes,no,7,HUSA_52011_FIS1_SAS_MIDRANGE,15.00GB,striped,yes,on,balanced,no,7,HUSA_52011_FIS1_SAS_MIDRANGE,no
2820,CLUIE00250_2DC_DISK062,0,online,yes,yes,7,HUSA_52011_FIS1_SAS_MIDRANGE,325.00GB,striped,yes,on,balanced,no,7,HUSA_52011_FIS1_SAS_MIDRANGE,no
2821,CLUIE00250_2DC_DISK063,0,online,yes,no,7,HUSA_52011_FIS1_SAS_MIDRANGE,70.00GB,striped,yes,on,balanced,no,7,HUSA_52011_FIS1_SAS_MIDRANGE,no
2822,VDI_TE0-C2-SC_2DC_DISK008,0,online,yes,yes,7,HUSA_52011_FIS1_SAS_MIDRANGE,2.00TB,striped,yes,on,balanced,no,7,HUSA_52011_FIS1_SAS_MIDRANGE,no
2823,VDI_TE0-C2-SC_2DC_DISK009,0,online,yes,no,7,HUSA_52011_FIS1_SAS_MIDRANGE,2.00TB,striped,yes,on,balanced,no,7,HUSA_52011_FIS1_SAS_MIDRANGE,no
2824,VDI_TE0-C2-SC_2DC_DISK010,0,online,yes,yes,7,HUSA_52011_FIS1_SAS_MIDRANGE,2.00TB,striped,yes,on,balanced,no,7,HUSA_52011_FIS1_SAS_MIDRANGE,no
2825,CLUIE00250_2DC_DISK064,0,online,yes,no,7,HUSA_52011_FIS1_SAS_MIDRANGE,2.00GB,striped,yes,on,balanced,no,7,HUSA_52011_FIS1_SAS_MIDRANGE,no
2853,CLUIE00250_2DC_DISK065,0,online,yes,no,7,HUSA_52011_FIS1_SAS_MIDRANGE,5.00GB,striped,yes,on,balanced,no,7,HUSA_52011_FIS1_SAS_MIDRANGE,no
2861,CLUIE00010_2DC_DISK006,0,online,yes,no,7,HUSA_52011_FIS1_SAS_MIDRANGE,200.00GB,striped,yes,on,balanced,no,7,HUSA_52011_FIS1_SAS_MIDRANGE,no
2864,ESX_TLN-C1-SC_2DC_DISK061,0,online,yes,yes,7,HUSA_52011_FIS1_SAS_MIDRANGE,1.00TB,striped,yes,on,balanced,no,7,HUSA_52011_FIS1_SAS_MIDRANGE,no
2865,ESX_TLN-C1-SC_2DC_DISK062,0,online,yes,no,7,HUSA_52011_FIS1_SAS_MIDRANGE,1.00TB,striped,yes,on,balanced,no,7,HUSA_52011_FIS1_SAS_MIDRANGE,no
2868,ESX_TE0-C2-SC_2DC_DISK115,0,online,yes,yes,7,HUSA_52011_FIS1_SAS_MIDRANGE,4.00TB,striped,yes,on,balanced,no,7,HUSA_52011_FIS1_SAS_MIDRANGE,no
2869,ESX_TE0-C2-SC_2DC_DISK116,0,online,yes,no,7,HUSA_52011_FIS1_SAS_MIDRANGE,4.00TB,striped,yes,on,balanced,no,7,HUSA_52011_FIS1_SAS_MIDRANGE,no
2870,ESX_TE0-C2-SC_2DC_DISK117,0,online,yes,yes,7,HUSA_52011_FIS1_SAS_MIDRANGE,4.00TB,striped,yes,on,balanced,no,7,HUSA_52011_FIS1_SAS_MIDRANGE,no
2871,ESX_PE0-C35-NB-TS_1DC_DISK001,0,online,yes,yes,7,HUSA_52011_FIS1_SAS_MIDRANGE,1.00TB,striped,yes,on,balanced,no,7,HUSA_52011_FIS1_SAS_MIDRANGE,no
2872,ESX_PE0-C35-NB-TS_1DC_DISK002,0,online,yes,yes,7,HUSA_52011_FIS1_SAS_MIDRANGE,200.00GB,striped,yes,on,balanced,no,7,HUSA_52011_FIS1_SAS_MIDRANGE,no
2873,ESX_PE0-C35-NB-TS_1DC_DISK003,0,online,yes,yes,7,HUSA_52011_FIS1_SAS_MIDRANGE,200.00GB,striped,yes,on,balanced,no,7,HUSA_52011_FIS1_SAS_MIDRANGE,no
2874,ESX_PE0-C35-NB-TS_1DC_DISK004,0,online,yes,yes,7,HUSA_52011_FIS1_SAS_MIDRANGE,200.00GB,striped,yes,on,balanced,no,7,HUSA_52011_FIS1_SAS_MIDRANGE,no
2875,ESX_PE0-C35-NB-TS_1DC_DISK005,0,online,yes,yes,7,HUSA_52011_FIS1_SAS_MIDRANGE,200.00GB,striped,yes,on,balanced,no,7,HUSA_52011_FIS1_SAS_MIDRANGE,no
2876,ESX_PE0-C35-NB-TS_1DC_DISK006,0,online,yes,yes,7,HUSA_52011_FIS1_SAS_MIDRANGE,200.00GB,striped,yes,on,balanced,no,7,HUSA_52011_FIS1_SAS_MIDRANGE,no
2877,ESX_PE0-C35-NB-TS_1DC_DISK007,0,online,yes,yes,7,HUSA_52011_FIS1_SAS_MIDRANGE,200.00GB,striped,yes,on,balanced,no,7,HUSA_52011_FIS1_SAS_MIDRANGE,no
2878,ESX_PE0-C35-NB-TS_1DC_DISK008,0,online,yes,yes,7,HUSA_52011_FIS1_SAS_MIDRANGE,200.00GB,striped,yes,on,balanced,no,7,HUSA_52011_FIS1_SAS_MIDRANGE,no
2879,ESX_PE0-C35-NB-TS_1DC_DISK009,0,online,yes,yes,7,HUSA_52011_FIS1_SAS_MIDRANGE,200.00GB,striped,yes,on,balanced,no,7,HUSA_52011_FIS1_SAS_MIDRANGE,no
2889,CLUIE00010_2DC_DISK007,0,online,yes,no,7,HUSA_52011_FIS1_SAS_MIDRANGE,500.00GB,striped,yes,on,balanced,no,7,HUSA_52011_FIS1_SAS_MIDRANGE,no
3115,ESX_TES-C10-SC_2DC_DISK001,0,online,yes,no,7,HUSA_52011_FIS1_SAS_MIDRANGE,1.00TB,striped,yes,on,balanced,no,7,HUSA_52011_FIS1_SAS_MIDRANGE,no
3116,ESX_TES-C10-SC_2DC_DISK002,0,online,yes,yes,7,HUSA_52011_FIS1_SAS_MIDRANGE,1.00TB,striped,yes,on,balanced,no,7,HUSA_52011_FIS1_SAS_MIDRANGE,no
3117,ESX_TES-C10-SC_2DC_DISK003,0,online,yes,no,7,HUSA_52011_FIS1_SAS_MIDRANGE,1.00TB,striped,yes,on,balanced,no,7,HUSA_52011_FIS1_SAS_MIDRANGE,no
3118,ESX_TES-C10-SC_2DC_DISK004,0,online,yes,yes,7,HUSA_52011_FIS1_SAS_MIDRANGE,1.00TB,striped,yes,on,balanced,no,7,HUSA_52011_FIS1_SAS_MIDRANGE,no
3432,ESX_TE0-C2-SC_2DC_DISK130,0,online,yes,yes,7,HUSA_52011_FIS1_SAS_MIDRANGE,1.00TB,striped,yes,on,balanced,no,7,HUSA_52011_FIS1_SAS_MIDRANGE,no
3433,ESX_TE0-C2-SC_2DC_DISK131,0,online,yes,no,7,HUSA_52011_FIS1_SAS_MIDRANGE,1.00TB,striped,yes,on,balanced,no,7,HUSA_52011_FIS1_SAS_MIDRANGE,no
3434,ESX_TE0-C2-SC_2DC_DISK132,0,online,yes,yes,7,HUSA_52011_FIS1_SAS_MIDRANGE,4.00TB,striped,yes,on,balanced,no,7,HUSA_52011_FIS1_SAS_MIDRANGE,no
3440,ESX_TLN-C1-SC_2DC_DISK071,0,online,yes,yes,7,HUSA_52011_FIS1_SAS_MIDRANGE,1.00TB,striped,yes,on,balanced,no,7,HUSA_52011_FIS1_SAS_MIDRANGE,no
3441,ESX_TLN-C1-SC_2DC_DISK072,0,online,yes,no,7,HUSA_52011_FIS1_SAS_MIDRANGE,1.00TB,striped,yes,on,balanced,no,7,HUSA_52011_FIS1_SAS_MIDRANGE,no
