id,name,status,mdisk_count,vdisk_count,capacity,extent_size,free_capacity,virtual_capacity,used_capacity,real_capacity,overallocation,warning,easy_tier,easy_tier_status,compression_active,compression_virtual_capacity,compression_compressed_capacity,compression_uncompressed_capacity,parent_mdisk_grp_id,parent_mdisk_grp_name,child_mdisk_grp_count,child_mdisk_grp_capacity,type,encrypt,owner_type,site_id,site_name
0,V7K_N1B8B_BT11_Quorum,online,1,0,512.00MB,256,512.00MB,0.00MB,0.00MB,0.00MB,0,80,off,inactive,no,0.00MB,0.00MB,0.00MB,0,V7K_N1B8B_BT11_Quorum,0,0.00MB,parent,no,none,,
1,HUSD_53719_FIS1_NL_SAS_MIDRANGE,online,44,3,78.33TB,1024,32.96TB,92.07TB,43.53TB,45.38TB,117,80,on,balanced,no,0.00MB,0.00MB,0.00MB,1,HUSD_53719_FIS1_NL_SAS_MIDRANGE,0,0.00MB,parent,no,none,,
2,HUSC_53471_FIS1_SAS_MIDRANGE,online,50,158,104.59TB,1024,17.47TB,95.21TB,85.57TB,87.02TB,91,80,on,balanced,no,0.00MB,0.00MB,0.00MB,2,HUSC_53471_FIS1_SAS_MIDRANGE,0,0.00MB,parent,no,none,,
3,HUSB_53357_FIS1_SAS_MIDRANGE,online,50,317,104.63TB,256,21.03TB,137.61TB,81.32TB,83.57TB,131,80,on,balanced,no,0.00MB,0.00MB,0.00MB,3,HUSB_53357_FIS1_SAS_MIDRANGE,0,0.00MB,parent,no,none,,
4,HUSB_53277_VIC2_SAS_MIDRANGE,online,50,324,104.63TB,256,20.90TB,138.29TB,81.43TB,83.70TB,132,80,on,balanced,no,0.00MB,0.00MB,0.00MB,4,HUSB_53277_VIC2_SAS_MIDRANGE,0,0.00MB,parent,no,none,,
5,HUSC_53646_VIC2_SAS_MIDRANGE,online,50,158,104.59TB,1024,17.47TB,95.21TB,85.57TB,87.02TB,91,80,on,balanced,no,0.00MB,0.00MB,0.00MB,5,HUSC_53646_VIC2_SAS_MIDRANGE,0,0.00MB,parent,no,none,,
6,FIS1_MID_G800_471065,online,52,195,406.96TB,2048,320.14TB,130.25TB,84.16TB,86.59TB,32,80,on,active,no,0.00MB,0.00MB,0.00MB,6,FIS1_MID_G800_471065,0,0.00MB,parent,no,none,,
7,HUSA_52011_FIS1_SAS_MIDRANGE,online,50,245,104.63TB,256,54.23TB,95.63TB,48.79TB,50.36TB,91,80,on,balanced,no,0.00MB,0.00MB,0.00MB,7,HUSA_52011_FIS1_SAS_MIDRANGE,0,0.00MB,parent,no,none,,
8,HUSA_52013_VIC2_SAS_MIDRANGE,online,50,391,104.63TB,256,15.65TB,156.09TB,86.33TB,88.93TB,149,80,on,balanced,no,0.00MB,0.00MB,0.00MB,8,HUSA_52013_VIC2_SAS_MIDRANGE,0,0.00MB,parent,no,none,,
9,FIS1_SSD_HORIZON_G1000_58923,online,1,2,8.00TB,2048,7.35TB,4.01TB,587.25GB,669.30GB,50,80,auto,balanced,no,0.00MB,0.00MB,0.00MB,9,FIS1_SSD_HORIZON_G1000_58923,0,0.00MB,parent,no,none,,
10,VIC2_SSD_HORIZON_G1000_58517,online,1,2,8.00TB,2048,7.35TB,4.01TB,587.25GB,669.30GB,50,80,auto,balanced,no,0.00MB,0.00MB,0.00MB,10,VIC2_SSD_HORIZON_G1000_58517,0,0.00MB,parent,no,none,,
11,VIC2_MID_G800_470960,online,52,252,406.96TB,2048,286.79TB,181.05TB,116.27TB,119.82TB,44,80,on,active,no,0.00MB,0.00MB,0.00MB,11,VIC2_MID_G800_470960,0,0.00MB,parent,no,none,,
12,FIS1_SSD_HNA_G1000_58923,online,9,9,9.00TB,2048,6.60TB,4.50TB,2.33TB,2.39TB,50,80,on,balanced,no,0.00MB,0.00MB,0.00MB,12,FIS1_SSD_HNA_G1000_58923,0,0.00MB,parent,no,none,,
13,FIS1_SAS_HNA_G1000_58923,online,37,9,148.00TB,2048,119.23TB,81.00TB,27.14TB,28.76TB,54,80,on,balanced,no,0.00MB,0.00MB,0.00MB,13,FIS1_SAS_HNA_G1000_58923,0,0.00MB,parent,no,none,,
14,FIS1_HIGH_G1000_58923,online,59,2289,735.84TB,2048,315.29TB,587.01TB,410.09TB,417.46TB,79,80,on,active,no,0.00MB,0.00MB,0.00MB,14,FIS1_HIGH_G1000_58923,0,0.00MB,parent,no,none,,
15,VIC2_SSD_HNA_G1000_58517,online,9,9,9.00TB,2048,7.04TB,4.50TB,1.86TB,1.95TB,50,80,on,balanced,no,0.00MB,0.00MB,0.00MB,15,VIC2_SSD_HNA_G1000_58517,0,0.00MB,parent,no,none,,
16,VIC2_SAS_HNA_G1000_58517,online,37,9,148.00TB,2048,117.67TB,81.00TB,28.72TB,30.33TB,54,80,on,balanced,no,0.00MB,0.00MB,0.00MB,16,VIC2_SAS_HNA_G1000_58517,0,0.00MB,parent,no,none,,
17,VIC2_HIGH_G1000_58517,online,59,2279,735.84TB,2048,371.04TB,512.81TB,355.81TB,361.72TB,69,80,on,active,no,0.00MB,0.00MB,0.00MB,17,VIC2_HIGH_G1000_58517,0,0.00MB,parent,no,none,,
