vdisk_id,vdisk_name,copy_id,status,sync,primary,mdisk_grp_id,mdisk_grp_name,capacity,type,se_copy,easy_tier,easy_tier_status,compressed_copy,parent_mdisk_grp_id,parent_mdisk_grp_name,encrypt
0,SANPE00005_2DC_DISK001,1,online,yes,no,8,HUSA_52013_VIC2_SAS_MIDRANGE,10.00GB,striped,yes,on,balanced,no,8,HUSA_52013_VIC2_SAS_MIDRANGE,no
46,ESX_TLN-C1-SC_2DC_DISK069,1,online,yes,no,8,HUSA_52013_VIC2_SAS_MIDRANGE,1.00TB,striped,yes,on,balanced,no,8,HUSA_52013_VIC2_SAS_MIDRANGE,no
47,ESX_TLN-C1-SC_2DC_DISK070,1,online,yes,yes,8,HUSA_52013_VIC2_SAS_MIDRANGE,1.00TB,striped,yes,on,balanced,no,8,HUSA_52013_VIC2_SAS_MIDRANGE,no
63,CLUTE01520_2DC_DISK001,1,online,yes,yes,8,HUSA_52013_VIC2_SAS_MIDRANGE,108.81GB,striped,yes,on,balanced,no,8,HUSA_52013_VIC2_SAS_MIDRANGE,no
64,CLUTE01520_2DC_DISK002,1,online,yes,no,8,HUSA_52013_VIC2_SAS_MIDRANGE,217.62GB,striped,yes,on,balanced,no,8,HUSA_52013_VIC2_SAS_MIDRANGE,no
65,CLUTE01520_2DC_DISK003,1,online,yes,yes,8,HUSA_52013_VIC2_SAS_MIDRANGE,1.10GB,striped,yes,on,balanced,no,8,HUSA_52013_VIC2_SAS_MIDRANGE,no
66,CLUTE01520_2DC_DISK004,1,online,yes,no,8,HUSA_52013_VIC2_SAS_MIDRANGE,1.10GB,striped,yes,on,balanced,no,8,HUSA_52013_VIC2_SAS_MIDRANGE,no
67,CLUTE01520_2DC_DISK005,1,online,yes,yes,8,HUSA_52013_VIC2_SAS_MIDRANGE,1.10GB,striped,yes,on,balanced,no,8,HUSA_52013_VIC2_SAS_MIDRANGE,no
68,CLUTE01520_2DC_DISK006,1,online,yes,no,8,HUSA_52013_VIC2_SAS_MIDRANGE,54.40GB,striped,yes,on,balanced,no,8,HUSA_52013_VIC2_SAS_MIDRANGE,no
69,CLUTE01520_2DC_DISK007,1,online,yes,yes,8,HUSA_52013_VIC2_SAS_MIDRANGE,54.40GB,striped,yes,on,balanced,no,8,HUSA_52013_VIC2_SAS_MIDRANGE,no
70,CLUTE01520_2DC_DISK008,1,online,yes,no,8,HUSA_52013_VIC2_SAS_MIDRANGE,217.62GB,striped,yes,on,balanced,no,8,HUSA_52013_VIC2_SAS_MIDRANGE,no
71,CLUTE01520_2DC_DISK009,1,online,yes,yes,8,HUSA_52013_VIC2_SAS_MIDRANGE,1.10GB,striped,yes,on,balanced,no,8,HUSA_52013_VIC2_SAS_MIDRANGE,no
72,CLUTE01520_2DC_DISK010,1,online,yes,no,8,HUSA_52013_VIC2_SAS_MIDRANGE,1.10GB,striped,yes,on,balanced,no,8,HUSA_52013_VIC2_SAS_MIDRANGE,no
73,CLUTE01520_2DC_DISK011,1,online,yes,yes,8,HUSA_52013_VIC2_SAS_MIDRANGE,217.62GB,striped,yes,on,balanced,no,8,HUSA_52013_VIC2_SAS_MIDRANGE,no
108,CLUTE00110_2DC_DISK001,1,online,yes,no,8,HUSA_52013_VIC2_SAS_MIDRANGE,1.10GB,striped,yes,on,balanced,no,8,HUSA_52013_VIC2_SAS_MIDRANGE,no
109,CLUTE00110_2DC_DISK002,1,online,yes,yes,8,HUSA_52013_VIC2_SAS_MIDRANGE,27.20GB,striped,yes,on,balanced,no,8,HUSA_52013_VIC2_SAS_MIDRANGE,no
110,CLUTE00110_2DC_DISK003,1,online,yes,no,8,HUSA_52013_VIC2_SAS_MIDRANGE,54.40GB,striped,yes,on,balanced,no,8,HUSA_52013_VIC2_SAS_MIDRANGE,no
111,CLUTE00110_2DC_DISK004,1,online,yes,yes,8,HUSA_52013_VIC2_SAS_MIDRANGE,99.99MB,striped,yes,on,balanced,no,8,HUSA_52013_VIC2_SAS_MIDRANGE,no
112,CLUTE00110_2DC_DISK005,1,online,yes,no,8,HUSA_52013_VIC2_SAS_MIDRANGE,195.31GB,striped,yes,on,balanced,no,8,HUSA_52013_VIC2_SAS_MIDRANGE,no
113,CLUTE00110_2DC_DISK006,1,online,yes,yes,8,HUSA_52013_VIC2_SAS_MIDRANGE,195.31GB,striped,yes,on,balanced,no,8,HUSA_52013_VIC2_SAS_MIDRANGE,no
114,CLUTE00110_2DC_DISK007,1,online,yes,no,8,HUSA_52013_VIC2_SAS_MIDRANGE,195.31GB,striped,yes,on,balanced,no,8,HUSA_52013_VIC2_SAS_MIDRANGE,no
115,CLUTE01560_2DC_DISK037,1,online,yes,yes,8,HUSA_52013_VIC2_SAS_MIDRANGE,2.00GB,striped,yes,on,balanced,no,8,HUSA_52013_VIC2_SAS_MIDRANGE,no
116,CLUTE01560_2DC_DISK038,1,online,yes,no,8,HUSA_52013_VIC2_SAS_MIDRANGE,15.00GB,striped,yes,on,balanced,no,8,HUSA_52013_VIC2_SAS_MIDRANGE,no
117,CLUTE01560_2DC_DISK039,1,online,yes,yes,8,HUSA_52013_VIC2_SAS_MIDRANGE,100.00GB,striped,yes,on,balanced,no,8,HUSA_52013_VIC2_SAS_MIDRANGE,no
118,CLUTE01560_2DC_DISK040,1,online,yes,no,8,HUSA_52013_VIC2_SAS_MIDRANGE,30.00GB,striped,yes,on,balanced,no,8,HUSA_52013_VIC2_SAS_MIDRANGE,no
119,CLUTE01560_2DC_DISK041,1,online,yes,yes,8,HUSA_52013_VIC2_SAS_MIDRANGE,120.00GB,striped,yes,on,balanced,no,8,HUSA_52013_VIC2_SAS_MIDRANGE,no
121,CLUIE00030_2DC_DISK001,1,online,yes,yes,8,HUSA_52013_VIC2_SAS_MIDRANGE,2.00GB,striped,yes,on,balanced,no,8,HUSA_52013_VIC2_SAS_MIDRANGE,no
122,CLUIE00030_2DC_DISK002,1,online,yes,no,8,HUSA_52013_VIC2_SAS_MIDRANGE,2.00GB,striped,yes,on,balanced,no,8,HUSA_52013_VIC2_SAS_MIDRANGE,no
123,CLUIE00030_2DC_DISK003,1,online,yes,yes,8,HUSA_52013_VIC2_SAS_MIDRANGE,2.00GB,striped,yes,on,balanced,no,8,HUSA_52013_VIC2_SAS_MIDRANGE,no
124,CLUIE00030_2DC_DISK004,1,online,yes,no,8,HUSA_52013_VIC2_SAS_MIDRANGE,2.00GB,striped,yes,on,balanced,no,8,HUSA_52013_VIC2_SAS_MIDRANGE,no
125,CLUIE00030_2DC_DISK005,1,online,yes,yes,8,HUSA_52013_VIC2_SAS_MIDRANGE,2.00GB,striped,yes,on,balanced,no,8,HUSA_52013_VIC2_SAS_MIDRANGE,no
126,CLUIE00030_2DC_DISK006,1,online,yes,no,8,HUSA_52013_VIC2_SAS_MIDRANGE,15.00GB,striped,yes,on,balanced,no,8,HUSA_52013_VIC2_SAS_MIDRANGE,no
127,CLUIE00030_2DC_DISK007,1,online,yes,yes,8,HUSA_52013_VIC2_SAS_MIDRANGE,15.00GB,striped,yes,on,balanced,no,8,HUSA_52013_VIC2_SAS_MIDRANGE,no
128,CLUIE00030_2DC_DISK008,1,online,yes,no,8,HUSA_52013_VIC2_SAS_MIDRANGE,15.00GB,striped,yes,on,balanced,no,8,HUSA_52013_VIC2_SAS_MIDRANGE,no
129,CLUIE00030_2DC_DISK009,1,online,yes,yes,8,HUSA_52013_VIC2_SAS_MIDRANGE,45.00GB,striped,yes,on,balanced,no,8,HUSA_52013_VIC2_SAS_MIDRANGE,no
130,CLUIE00030_2DC_DISK010,1,online,yes,no,8,HUSA_52013_VIC2_SAS_MIDRANGE,16.50GB,striped,yes,on,balanced,no,8,HUSA_52013_VIC2_SAS_MIDRANGE,no
131,CLUIE00030_2DC_DISK011,1,online,yes,yes,8,HUSA_52013_VIC2_SAS_MIDRANGE,200.00GB,striped,yes,on,balanced,no,8,HUSA_52013_VIC2_SAS_MIDRANGE,no
132,CLUIE00030_2DC_DISK012,1,online,yes,no,8,HUSA_52013_VIC2_SAS_MIDRANGE,30.00GB,striped,yes,on,balanced,no,8,HUSA_52013_VIC2_SAS_MIDRANGE,no
133,CLUIE00030_2DC_DISK013,1,online,yes,yes,8,HUSA_52013_VIC2_SAS_MIDRANGE,30.00GB,striped,yes,on,balanced,no,8,HUSA_52013_VIC2_SAS_MIDRANGE,no
134,CLUIE00030_2DC_DISK014,1,online,yes,no,8,HUSA_52013_VIC2_SAS_MIDRANGE,30.00GB,striped,yes,on,balanced,no,8,HUSA_52013_VIC2_SAS_MIDRANGE,no
135,CLUIE00030_2DC_DISK015,1,online,yes,yes,8,HUSA_52013_VIC2_SAS_MIDRANGE,60.00GB,striped,yes,on,balanced,no,8,HUSA_52013_VIC2_SAS_MIDRANGE,no
136,CLUIE00030_2DC_DISK016,1,online,yes,no,8,HUSA_52013_VIC2_SAS_MIDRANGE,60.00GB,striped,yes,on,balanced,no,8,HUSA_52013_VIC2_SAS_MIDRANGE,no
137,CLUIE00030_2DC_DISK017,1,online,yes,yes,8,HUSA_52013_VIC2_SAS_MIDRANGE,60.00GB,striped,yes,on,balanced,no,8,HUSA_52013_VIC2_SAS_MIDRANGE,no
138,CLUIE00030_2DC_DISK018,1,online,yes,no,8,HUSA_52013_VIC2_SAS_MIDRANGE,60.00GB,striped,yes,on,balanced,no,8,HUSA_52013_VIC2_SAS_MIDRANGE,no
139,CLUIE00030_2DC_DISK019,1,online,yes,yes,8,HUSA_52013_VIC2_SAS_MIDRANGE,140.00GB,striped,yes,on,balanced,no,8,HUSA_52013_VIC2_SAS_MIDRANGE,no
140,CLUIE00030_2DC_DISK020,1,online,yes,no,8,HUSA_52013_VIC2_SAS_MIDRANGE,340.00GB,striped,yes,on,balanced,no,8,HUSA_52013_VIC2_SAS_MIDRANGE,no
141,CLUIE00030_2DC_DISK021,1,online,yes,yes,8,HUSA_52013_VIC2_SAS_MIDRANGE,340.00GB,striped,yes,on,balanced,no,8,HUSA_52013_VIC2_SAS_MIDRANGE,no
142,CLUTE01560_2DC_DISK001,1,online,yes,no,8,HUSA_52013_VIC2_SAS_MIDRANGE,2.00GB,striped,yes,on,balanced,no,8,HUSA_52013_VIC2_SAS_MIDRANGE,no
143,CLUTE01560_2DC_DISK002,1,online,yes,yes,8,HUSA_52013_VIC2_SAS_MIDRANGE,2.00GB,striped,yes,on,balanced,no,8,HUSA_52013_VIC2_SAS_MIDRANGE,no
144,CLUTE01560_2DC_DISK003,1,online,yes,no,8,HUSA_52013_VIC2_SAS_MIDRANGE,2.00GB,striped,yes,on,balanced,no,8,HUSA_52013_VIC2_SAS_MIDRANGE,no
145,CLUTE01560_2DC_DISK004,1,online,yes,yes,8,HUSA_52013_VIC2_SAS_MIDRANGE,2.00GB,striped,yes,on,balanced,no,8,HUSA_52013_VIC2_SAS_MIDRANGE,no
146,CLUTE01560_2DC_DISK005,1,online,yes,no,8,HUSA_52013_VIC2_SAS_MIDRANGE,2.00GB,striped,yes,on,balanced,no,8,HUSA_52013_VIC2_SAS_MIDRANGE,no
147,CLUTE01560_2DC_DISK006,1,online,yes,yes,8,HUSA_52013_VIC2_SAS_MIDRANGE,15.00GB,striped,yes,on,balanced,no,8,HUSA_52013_VIC2_SAS_MIDRANGE,no
148,CLUTE01560_2DC_DISK007,1,online,yes,no,8,HUSA_52013_VIC2_SAS_MIDRANGE,15.00GB,striped,yes,on,balanced,no,8,HUSA_52013_VIC2_SAS_MIDRANGE,no
149,CLUTE01560_2DC_DISK008,1,online,yes,yes,8,HUSA_52013_VIC2_SAS_MIDRANGE,15.00GB,striped,yes,on,balanced,no,8,HUSA_52013_VIC2_SAS_MIDRANGE,no
150,CLUTE01560_2DC_DISK009,1,online,yes,no,8,HUSA_52013_VIC2_SAS_MIDRANGE,15.00GB,striped,yes,on,balanced,no,8,HUSA_52013_VIC2_SAS_MIDRANGE,no
151,CLUTE01560_2DC_DISK010,1,online,yes,yes,8,HUSA_52013_VIC2_SAS_MIDRANGE,27.00GB,striped,yes,on,balanced,no,8,HUSA_52013_VIC2_SAS_MIDRANGE,no
152,CLUTE01560_2DC_DISK011,1,online,yes,no,8,HUSA_52013_VIC2_SAS_MIDRANGE,327.00GB,striped,yes,on,balanced,no,8,HUSA_52013_VIC2_SAS_MIDRANGE,no
153,CLUTE01560_2DC_DISK012,1,online,yes,yes,8,HUSA_52013_VIC2_SAS_MIDRANGE,30.00GB,striped,yes,on,balanced,no,8,HUSA_52013_VIC2_SAS_MIDRANGE,no
154,CLUTE01560_2DC_DISK013,1,online,yes,no,8,HUSA_52013_VIC2_SAS_MIDRANGE,30.00GB,striped,yes,on,balanced,no,8,HUSA_52013_VIC2_SAS_MIDRANGE,no
155,CLUTE01560_2DC_DISK014,1,online,yes,yes,8,HUSA_52013_VIC2_SAS_MIDRANGE,30.00GB,striped,yes,on,balanced,no,8,HUSA_52013_VIC2_SAS_MIDRANGE,no
156,CLUTE01560_2DC_DISK015,1,online,yes,no,8,HUSA_52013_VIC2_SAS_MIDRANGE,60.00GB,striped,yes,on,balanced,no,8,HUSA_52013_VIC2_SAS_MIDRANGE,no
157,CLUTE01560_2DC_DISK016,1,online,yes,yes,8,HUSA_52013_VIC2_SAS_MIDRANGE,160.00GB,striped,yes,on,balanced,no,8,HUSA_52013_VIC2_SAS_MIDRANGE,no
158,CLUTE01560_2DC_DISK017,1,online,yes,no,8,HUSA_52013_VIC2_SAS_MIDRANGE,60.00GB,striped,yes,on,balanced,no,8,HUSA_52013_VIC2_SAS_MIDRANGE,no
159,CLUTE01560_2DC_DISK018,1,online,yes,yes,8,HUSA_52013_VIC2_SAS_MIDRANGE,60.00GB,striped,yes,on,balanced,no,8,HUSA_52013_VIC2_SAS_MIDRANGE,no
160,CLUTE01560_2DC_DISK019,1,online,yes,no,8,HUSA_52013_VIC2_SAS_MIDRANGE,700.00GB,striped,yes,on,balanced,no,8,HUSA_52013_VIC2_SAS_MIDRANGE,no
161,CLUTE01560_2DC_DISK020,1,online,yes,yes,8,HUSA_52013_VIC2_SAS_MIDRANGE,180.00GB,striped,yes,on,balanced,no,8,HUSA_52013_VIC2_SAS_MIDRANGE,no
162,CLUTE01560_2DC_DISK021,1,online,yes,no,8,HUSA_52013_VIC2_SAS_MIDRANGE,540.00GB,striped,yes,on,balanced,no,8,HUSA_52013_VIC2_SAS_MIDRANGE,no
184,CLUTE01520_2DC_DISK012,1,online,yes,no,8,HUSA_52013_VIC2_SAS_MIDRANGE,100.00GB,striped,yes,on,balanced,no,8,HUSA_52013_VIC2_SAS_MIDRANGE,no
205,CLUTE01520_2DC_DISK013,1,online,yes,yes,8,HUSA_52013_VIC2_SAS_MIDRANGE,2.00GB,striped,yes,on,balanced,no,8,HUSA_52013_VIC2_SAS_MIDRANGE,no
206,CLUTE01520_2DC_DISK014,1,online,yes,no,8,HUSA_52013_VIC2_SAS_MIDRANGE,200.00GB,striped,yes,on,balanced,no,8,HUSA_52013_VIC2_SAS_MIDRANGE,no
207,CLUTE01520_2DC_DISK015,1,online,yes,yes,8,HUSA_52013_VIC2_SAS_MIDRANGE,50.00GB,striped,yes,on,balanced,no,8,HUSA_52013_VIC2_SAS_MIDRANGE,no
227,CLUIE00030_2DC_DISK022,1,online,yes,yes,8,HUSA_52013_VIC2_SAS_MIDRANGE,2.00GB,striped,yes,on,balanced,no,8,HUSA_52013_VIC2_SAS_MIDRANGE,no
228,CLUIE00030_2DC_DISK023,1,online,yes,no,8,HUSA_52013_VIC2_SAS_MIDRANGE,5.00GB,striped,yes,on,balanced,no,8,HUSA_52013_VIC2_SAS_MIDRANGE,no
229,CLUIE00030_2DC_DISK024,1,online,yes,yes,8,HUSA_52013_VIC2_SAS_MIDRANGE,5.00GB,striped,yes,on,balanced,no,8,HUSA_52013_VIC2_SAS_MIDRANGE,no
231,CLUIE00030_2DC_DISK025,1,online,yes,yes,8,HUSA_52013_VIC2_SAS_MIDRANGE,5.00GB,striped,yes,on,balanced,no,8,HUSA_52013_VIC2_SAS_MIDRANGE,no
234,CLUIE00030_2DC_DISK030,1,online,yes,no,8,HUSA_52013_VIC2_SAS_MIDRANGE,2.00GB,striped,yes,on,balanced,no,8,HUSA_52013_VIC2_SAS_MIDRANGE,no
235,CLUIE00030_2DC_DISK031,1,online,yes,yes,8,HUSA_52013_VIC2_SAS_MIDRANGE,2.00GB,striped,yes,on,balanced,no,8,HUSA_52013_VIC2_SAS_MIDRANGE,no
237,CLUIE00030_2DC_DISK032,1,online,yes,yes,8,HUSA_52013_VIC2_SAS_MIDRANGE,2.00GB,striped,yes,on,balanced,no,8,HUSA_52013_VIC2_SAS_MIDRANGE,no
238,CLUIE00030_2DC_DISK033,1,online,yes,no,8,HUSA_52013_VIC2_SAS_MIDRANGE,32.00GB,striped,yes,on,balanced,no,8,HUSA_52013_VIC2_SAS_MIDRANGE,no
243,CLUIE00030_2DC_DISK034,1,online,yes,yes,8,HUSA_52013_VIC2_SAS_MIDRANGE,32.00GB,striped,yes,on,balanced,no,8,HUSA_52013_VIC2_SAS_MIDRANGE,no
244,CLUIE00030_2DC_DISK035,1,online,yes,no,8,HUSA_52013_VIC2_SAS_MIDRANGE,32.00GB,striped,yes,on,balanced,no,8,HUSA_52013_VIC2_SAS_MIDRANGE,no
246,CLUIE00030_2DC_DISK036,1,online,yes,no,8,HUSA_52013_VIC2_SAS_MIDRANGE,15.00GB,striped,yes,on,balanced,no,8,HUSA_52013_VIC2_SAS_MIDRANGE,no
247,CLUIE00030_2DC_DISK037,1,online,yes,yes,8,HUSA_52013_VIC2_SAS_MIDRANGE,15.00GB,striped,yes,on,balanced,no,8,HUSA_52013_VIC2_SAS_MIDRANGE,no
248,CLUIE00030_2DC_DISK038,1,online,yes,no,8,HUSA_52013_VIC2_SAS_MIDRANGE,15.00GB,striped,yes,on,balanced,no,8,HUSA_52013_VIC2_SAS_MIDRANGE,no
250,CLUIE00030_2DC_DISK039,1,online,yes,no,8,HUSA_52013_VIC2_SAS_MIDRANGE,60.00GB,striped,yes,on,balanced,no,8,HUSA_52013_VIC2_SAS_MIDRANGE,no
251,CLUIE00030_2DC_DISK026,1,online,yes,yes,8,HUSA_52013_VIC2_SAS_MIDRANGE,5.00GB,striped,yes,on,balanced,no,8,HUSA_52013_VIC2_SAS_MIDRANGE,no
253,CLUIE00030_2DC_DISK027,1,online,yes,yes,8,HUSA_52013_VIC2_SAS_MIDRANGE,10.00GB,striped,yes,on,balanced,no,8,HUSA_52013_VIC2_SAS_MIDRANGE,no
254,CLUIE00030_2DC_DISK028,1,online,yes,no,8,HUSA_52013_VIC2_SAS_MIDRANGE,10.00GB,striped,yes,on,balanced,no,8,HUSA_52013_VIC2_SAS_MIDRANGE,no
256,CLUTE00170_2DC_DISK004,1,online,yes,no,8,HUSA_52013_VIC2_SAS_MIDRANGE,510.00GB,striped,yes,on,balanced,no,8,HUSA_52013_VIC2_SAS_MIDRANGE,no
378,CLUIE00030_2DC_DISK040,1,online,yes,no,8,HUSA_52013_VIC2_SAS_MIDRANGE,15.00GB,striped,yes,on,balanced,no,8,HUSA_52013_VIC2_SAS_MIDRANGE,no
379,CLUIE00030_2DC_DISK041,1,online,yes,yes,8,HUSA_52013_VIC2_SAS_MIDRANGE,80.00GB,striped,yes,on,balanced,no,8,HUSA_52013_VIC2_SAS_MIDRANGE,no
381,CLUIE00030_2DC_DISK029,1,online,yes,yes,8,HUSA_52013_VIC2_SAS_MIDRANGE,180.00GB,striped,yes,on,balanced,no,8,HUSA_52013_VIC2_SAS_MIDRANGE,no
540,CLUTE00660_2DC_DISK001,1,online,yes,no,8,HUSA_52013_VIC2_SAS_MIDRANGE,1.00GB,striped,yes,on,balanced,no,8,HUSA_52013_VIC2_SAS_MIDRANGE,no
541,CLUTE00660_2DC_DISK002,1,online,yes,yes,8,HUSA_52013_VIC2_SAS_MIDRANGE,20.00GB,striped,yes,on,balanced,no,8,HUSA_52013_VIC2_SAS_MIDRANGE,no
542,CLUTE00660_2DC_DISK003,1,online,yes,no,8,HUSA_52013_VIC2_SAS_MIDRANGE,10.00GB,striped,yes,on,balanced,no,8,HUSA_52013_VIC2_SAS_MIDRANGE,no
543,CLUTE00660_2DC_DISK004,1,online,yes,yes,8,HUSA_52013_VIC2_SAS_MIDRANGE,20.00GB,striped,yes,on,balanced,no,8,HUSA_52013_VIC2_SAS_MIDRANGE,no
544,CLUTE00660_2DC_DISK005,1,online,yes,no,8,HUSA_52013_VIC2_SAS_MIDRANGE,20.00GB,striped,yes,on,balanced,no,8,HUSA_52013_VIC2_SAS_MIDRANGE,no
545,CLUTE00660_2DC_DISK006,1,online,yes,yes,8,HUSA_52013_VIC2_SAS_MIDRANGE,20.00GB,striped,yes,on,balanced,no,8,HUSA_52013_VIC2_SAS_MIDRANGE,no
546,CLUTE00660_2DC_DISK007,1,online,yes,no,8,HUSA_52013_VIC2_SAS_MIDRANGE,10.00GB,striped,yes,on,balanced,no,8,HUSA_52013_VIC2_SAS_MIDRANGE,no
547,CLUTE00660_2DC_DISK008,1,online,yes,yes,8,HUSA_52013_VIC2_SAS_MIDRANGE,20.00GB,striped,yes,on,balanced,no,8,HUSA_52013_VIC2_SAS_MIDRANGE,no
548,CLUTE00660_2DC_DISK009,1,online,yes,no,8,HUSA_52013_VIC2_SAS_MIDRANGE,10.00GB,striped,yes,on,balanced,no,8,HUSA_52013_VIC2_SAS_MIDRANGE,no
549,CLUTE00660_2DC_DISK010,1,online,yes,yes,8,HUSA_52013_VIC2_SAS_MIDRANGE,20.00GB,striped,yes,on,balanced,no,8,HUSA_52013_VIC2_SAS_MIDRANGE,no
550,CLUTE00660_2DC_DISK011,1,online,yes,no,8,HUSA_52013_VIC2_SAS_MIDRANGE,20.00GB,striped,yes,on,balanced,no,8,HUSA_52013_VIC2_SAS_MIDRANGE,no
551,CLUTE00660_2DC_DISK012,1,online,yes,yes,8,HUSA_52013_VIC2_SAS_MIDRANGE,50.00GB,striped,yes,on,balanced,no,8,HUSA_52013_VIC2_SAS_MIDRANGE,no
694,CLUTE00170_2DC_DISK001,1,online,yes,no,8,HUSA_52013_VIC2_SAS_MIDRANGE,2.00GB,striped,yes,on,balanced,no,8,HUSA_52013_VIC2_SAS_MIDRANGE,no
702,CLUIE00030_2DC_DISK042,1,online,yes,no,8,HUSA_52013_VIC2_SAS_MIDRANGE,15.00GB,striped,yes,on,balanced,no,8,HUSA_52013_VIC2_SAS_MIDRANGE,no
703,CLUTE01560_2DC_DISK022,1,online,yes,yes,8,HUSA_52013_VIC2_SAS_MIDRANGE,2.00GB,striped,yes,on,balanced,no,8,HUSA_52013_VIC2_SAS_MIDRANGE,no
704,CLUTE01560_2DC_DISK023,1,online,yes,no,8,HUSA_52013_VIC2_SAS_MIDRANGE,2.00GB,striped,yes,on,balanced,no,8,HUSA_52013_VIC2_SAS_MIDRANGE,no
705,CLUTE01560_2DC_DISK024,1,online,yes,yes,8,HUSA_52013_VIC2_SAS_MIDRANGE,2.00GB,striped,yes,on,balanced,no,8,HUSA_52013_VIC2_SAS_MIDRANGE,no
706,CLUTE01560_2DC_DISK025,1,online,yes,no,8,HUSA_52013_VIC2_SAS_MIDRANGE,32.00GB,striped,yes,on,balanced,no,8,HUSA_52013_VIC2_SAS_MIDRANGE,no
707,CLUTE01560_2DC_DISK026,1,online,yes,yes,8,HUSA_52013_VIC2_SAS_MIDRANGE,32.00GB,striped,yes,on,balanced,no,8,HUSA_52013_VIC2_SAS_MIDRANGE,no
708,CLUTE01560_2DC_DISK027,1,online,yes,no,8,HUSA_52013_VIC2_SAS_MIDRANGE,32.00GB,striped,yes,on,balanced,no,8,HUSA_52013_VIC2_SAS_MIDRANGE,no
709,CLUTE01560_2DC_DISK028,1,online,yes,yes,8,HUSA_52013_VIC2_SAS_MIDRANGE,15.00GB,striped,yes,on,balanced,no,8,HUSA_52013_VIC2_SAS_MIDRANGE,no
710,CLUTE01560_2DC_DISK029,1,online,yes,no,8,HUSA_52013_VIC2_SAS_MIDRANGE,15.00GB,striped,yes,on,balanced,no,8,HUSA_52013_VIC2_SAS_MIDRANGE,no
711,CLUTE01560_2DC_DISK030,1,online,yes,yes,8,HUSA_52013_VIC2_SAS_MIDRANGE,15.00GB,striped,yes,on,balanced,no,8,HUSA_52013_VIC2_SAS_MIDRANGE,no
712,CLUTE01560_2DC_DISK031,1,online,yes,no,8,HUSA_52013_VIC2_SAS_MIDRANGE,100.00GB,striped,yes,on,balanced,no,8,HUSA_52013_VIC2_SAS_MIDRANGE,no
713,CLUTE01560_2DC_DISK032,1,online,yes,yes,8,HUSA_52013_VIC2_SAS_MIDRANGE,15.00GB,striped,yes,on,balanced,no,8,HUSA_52013_VIC2_SAS_MIDRANGE,no
714,CLUTE01560_2DC_DISK033,1,online,yes,no,8,HUSA_52013_VIC2_SAS_MIDRANGE,100.00GB,striped,yes,on,balanced,no,8,HUSA_52013_VIC2_SAS_MIDRANGE,no
715,CLUTE01560_2DC_DISK034,1,online,yes,yes,8,HUSA_52013_VIC2_SAS_MIDRANGE,30.00GB,striped,yes,on,balanced,no,8,HUSA_52013_VIC2_SAS_MIDRANGE,no
881,CLUTE00140_2DC_DISK001,1,online,yes,yes,8,HUSA_52013_VIC2_SAS_MIDRANGE,1.10GB,striped,yes,on,balanced,no,8,HUSA_52013_VIC2_SAS_MIDRANGE,no
883,CLUTE00140_2DC_DISK003,1,online,yes,yes,8,HUSA_52013_VIC2_SAS_MIDRANGE,108.81GB,striped,yes,on,balanced,no,8,HUSA_52013_VIC2_SAS_MIDRANGE,no
884,CLUTE00140_2DC_DISK004,1,online,yes,no,8,HUSA_52013_VIC2_SAS_MIDRANGE,108.81GB,striped,yes,on,balanced,no,8,HUSA_52013_VIC2_SAS_MIDRANGE,no
885,CLUTE00140_2DC_DISK005,1,online,yes,yes,8,HUSA_52013_VIC2_SAS_MIDRANGE,108.81GB,striped,yes,on,balanced,no,8,HUSA_52013_VIC2_SAS_MIDRANGE,no
886,CLUTE00150_2DC_DISK001,1,online,yes,no,8,HUSA_52013_VIC2_SAS_MIDRANGE,1.10GB,striped,yes,on,balanced,no,8,HUSA_52013_VIC2_SAS_MIDRANGE,no
887,CLUTE00150_2DC_DISK002,1,online,yes,yes,8,HUSA_52013_VIC2_SAS_MIDRANGE,108.81GB,striped,yes,on,balanced,no,8,HUSA_52013_VIC2_SAS_MIDRANGE,no
888,CLUTE00150_2DC_DISK003,1,online,yes,no,8,HUSA_52013_VIC2_SAS_MIDRANGE,108.81GB,striped,yes,on,balanced,no,8,HUSA_52013_VIC2_SAS_MIDRANGE,no
889,CLUTE00150_2DC_DISK004,1,online,yes,yes,8,HUSA_52013_VIC2_SAS_MIDRANGE,108.81GB,striped,yes,on,balanced,no,8,HUSA_52013_VIC2_SAS_MIDRANGE,no
890,CLUTE00150_2DC_DISK005,1,online,yes,no,8,HUSA_52013_VIC2_SAS_MIDRANGE,108.81GB,striped,yes,on,balanced,no,8,HUSA_52013_VIC2_SAS_MIDRANGE,no
896,CLUTE00170_2DC_DISK003,1,online,yes,no,8,HUSA_52013_VIC2_SAS_MIDRANGE,108.81GB,striped,yes,on,balanced,no,8,HUSA_52013_VIC2_SAS_MIDRANGE,no
929,CLUIE00180_2DC_DISK056,1,online,yes,yes,8,HUSA_52013_VIC2_SAS_MIDRANGE,250.00GB,striped,yes,on,balanced,no,8,HUSA_52013_VIC2_SAS_MIDRANGE,no
934,CLUTE01560_2DC_DISK042,1,online,yes,no,8,HUSA_52013_VIC2_SAS_MIDRANGE,30.00GB,striped,yes,on,balanced,no,8,HUSA_52013_VIC2_SAS_MIDRANGE,no
935,CLUTE01560_2DC_DISK043,1,online,yes,yes,8,HUSA_52013_VIC2_SAS_MIDRANGE,65.00GB,striped,yes,on,balanced,no,8,HUSA_52013_VIC2_SAS_MIDRANGE,no
936,CLUTE01560_2DC_DISK044,1,online,yes,no,8,HUSA_52013_VIC2_SAS_MIDRANGE,115.00GB,striped,yes,on,balanced,no,8,HUSA_52013_VIC2_SAS_MIDRANGE,no
937,CLUTE01560_2DC_DISK045,1,online,yes,yes,8,HUSA_52013_VIC2_SAS_MIDRANGE,965.00GB,striped,yes,on,balanced,no,8,HUSA_52013_VIC2_SAS_MIDRANGE,no
938,CLUTE01560_2DC_DISK046,1,online,yes,no,8,HUSA_52013_VIC2_SAS_MIDRANGE,85.00GB,striped,yes,on,balanced,no,8,HUSA_52013_VIC2_SAS_MIDRANGE,no
939,CLUTE01560_2DC_DISK047,1,online,yes,yes,8,HUSA_52013_VIC2_SAS_MIDRANGE,380.00GB,striped,yes,on,balanced,no,8,HUSA_52013_VIC2_SAS_MIDRANGE,no
979,CLUTE00140_2DC_DISK002,1,online,yes,yes,8,HUSA_52013_VIC2_SAS_MIDRANGE,108.81GB,striped,yes,on,balanced,no,8,HUSA_52013_VIC2_SAS_MIDRANGE,no
988,CLUTE01560_2DC_DISK048,1,online,yes,no,8,HUSA_52013_VIC2_SAS_MIDRANGE,2.00GB,striped,yes,on,balanced,no,8,HUSA_52013_VIC2_SAS_MIDRANGE,no
994,CLUTE01560_2DC_DISK056,1,online,yes,no,8,HUSA_52013_VIC2_SAS_MIDRANGE,750.00GB,striped,yes,on,balanced,no,8,HUSA_52013_VIC2_SAS_MIDRANGE,no
995,CLUTE01560_2DC_DISK057,1,online,yes,yes,8,HUSA_52013_VIC2_SAS_MIDRANGE,250.00GB,striped,yes,on,balanced,no,8,HUSA_52013_VIC2_SAS_MIDRANGE,no
1203,CLUIE00030_2DC_DISK043,1,online,yes,yes,8,HUSA_52013_VIC2_SAS_MIDRANGE,30.00GB,striped,yes,on,balanced,no,8,HUSA_52013_VIC2_SAS_MIDRANGE,no
1204,CLUIE00030_2DC_DISK044,1,online,yes,no,8,HUSA_52013_VIC2_SAS_MIDRANGE,15.00GB,striped,yes,on,balanced,no,8,HUSA_52013_VIC2_SAS_MIDRANGE,no
1205,CLUTE01560_2DC_DISK035,1,online,yes,yes,8,HUSA_52013_VIC2_SAS_MIDRANGE,30.00GB,striped,yes,on,balanced,no,8,HUSA_52013_VIC2_SAS_MIDRANGE,no
1207,CLUTE01560_2DC_DISK036,1,online,yes,yes,8,HUSA_52013_VIC2_SAS_MIDRANGE,15.00GB,striped,yes,on,balanced,no,8,HUSA_52013_VIC2_SAS_MIDRANGE,no
1507,CLUIE00180_2DC_DISK001,1,online,yes,yes,8,HUSA_52013_VIC2_SAS_MIDRANGE,27.20GB,striped,yes,on,balanced,no,8,HUSA_52013_VIC2_SAS_MIDRANGE,no
1508,CLUIE00180_2DC_DISK002,1,online,yes,no,8,HUSA_52013_VIC2_SAS_MIDRANGE,5.00GB,striped,yes,on,balanced,no,8,HUSA_52013_VIC2_SAS_MIDRANGE,no
1509,CLUIE00180_2DC_DISK003,1,online,yes,yes,8,HUSA_52013_VIC2_SAS_MIDRANGE,27.20GB,striped,yes,on,balanced,no,8,HUSA_52013_VIC2_SAS_MIDRANGE,no
1510,CLUIE00180_2DC_DISK004,1,online,yes,no,8,HUSA_52013_VIC2_SAS_MIDRANGE,27.20GB,striped,yes,on,balanced,no,8,HUSA_52013_VIC2_SAS_MIDRANGE,no
1511,CLUIE00180_2DC_DISK005,1,online,yes,yes,8,HUSA_52013_VIC2_SAS_MIDRANGE,27.20GB,striped,yes,on,balanced,no,8,HUSA_52013_VIC2_SAS_MIDRANGE,no
1512,CLUIE00180_2DC_DISK006,1,online,yes,no,8,HUSA_52013_VIC2_SAS_MIDRANGE,5.00GB,striped,yes,on,balanced,no,8,HUSA_52013_VIC2_SAS_MIDRANGE,no
1513,CLUIE00180_2DC_DISK007,1,online,yes,yes,8,HUSA_52013_VIC2_SAS_MIDRANGE,27.20GB,striped,yes,on,balanced,no,8,HUSA_52013_VIC2_SAS_MIDRANGE,no
1514,CLUIE00180_2DC_DISK008,1,online,yes,no,8,HUSA_52013_VIC2_SAS_MIDRANGE,27.20GB,striped,yes,on,balanced,no,8,HUSA_52013_VIC2_SAS_MIDRANGE,no
1515,CLUIE00180_2DC_DISK009,1,online,yes,yes,8,HUSA_52013_VIC2_SAS_MIDRANGE,27.20GB,striped,yes,on,balanced,no,8,HUSA_52013_VIC2_SAS_MIDRANGE,no
1516,CLUIE00180_2DC_DISK010,1,online,yes,no,8,HUSA_52013_VIC2_SAS_MIDRANGE,5.00GB,striped,yes,on,balanced,no,8,HUSA_52013_VIC2_SAS_MIDRANGE,no
1517,CLUIE00180_2DC_DISK011,1,online,yes,yes,8,HUSA_52013_VIC2_SAS_MIDRANGE,5.00GB,striped,yes,on,balanced,no,8,HUSA_52013_VIC2_SAS_MIDRANGE,no
1518,CLUIE00180_2DC_DISK012,1,online,yes,no,8,HUSA_52013_VIC2_SAS_MIDRANGE,5.00GB,striped,yes,on,balanced,no,8,HUSA_52013_VIC2_SAS_MIDRANGE,no
1519,CLUIE00180_2DC_DISK013,1,online,yes,yes,8,HUSA_52013_VIC2_SAS_MIDRANGE,13.60GB,striped,yes,on,balanced,no,8,HUSA_52013_VIC2_SAS_MIDRANGE,no
1520,CLUIE00180_2DC_DISK014,1,online,yes,no,8,HUSA_52013_VIC2_SAS_MIDRANGE,5.00GB,striped,yes,on,balanced,no,8,HUSA_52013_VIC2_SAS_MIDRANGE,no
1521,CLUIE00180_2DC_DISK015,1,online,yes,yes,8,HUSA_52013_VIC2_SAS_MIDRANGE,13.60GB,striped,yes,on,balanced,no,8,HUSA_52013_VIC2_SAS_MIDRANGE,no
1522,CLUIE00180_2DC_DISK016,1,online,yes,no,8,HUSA_52013_VIC2_SAS_MIDRANGE,13.60GB,striped,yes,on,balanced,no,8,HUSA_52013_VIC2_SAS_MIDRANGE,no
1523,CLUIE00180_2DC_DISK017,1,online,yes,yes,8,HUSA_52013_VIC2_SAS_MIDRANGE,54.40GB,striped,yes,on,balanced,no,8,HUSA_52013_VIC2_SAS_MIDRANGE,no
1524,CLUIE00180_2DC_DISK018,1,online,yes,no,8,HUSA_52013_VIC2_SAS_MIDRANGE,54.40GB,striped,yes,on,balanced,no,8,HUSA_52013_VIC2_SAS_MIDRANGE,no
1525,CLUIE00180_2DC_DISK019,1,online,yes,yes,8,HUSA_52013_VIC2_SAS_MIDRANGE,54.40GB,striped,yes,on,balanced,no,8,HUSA_52013_VIC2_SAS_MIDRANGE,no
1526,CLUIE00180_2DC_DISK020,1,online,yes,no,8,HUSA_52013_VIC2_SAS_MIDRANGE,54.40GB,striped,yes,on,balanced,no,8,HUSA_52013_VIC2_SAS_MIDRANGE,no
1527,CLUIE00180_2DC_DISK021,1,online,yes,yes,8,HUSA_52013_VIC2_SAS_MIDRANGE,5.00GB,striped,yes,on,balanced,no,8,HUSA_52013_VIC2_SAS_MIDRANGE,no
1528,CLUIE00180_2DC_DISK022,1,online,yes,no,8,HUSA_52013_VIC2_SAS_MIDRANGE,1.10GB,striped,yes,on,balanced,no,8,HUSA_52013_VIC2_SAS_MIDRANGE,no
1529,CLUIE00180_2DC_DISK023,1,online,yes,yes,8,HUSA_52013_VIC2_SAS_MIDRANGE,1.10GB,striped,yes,on,balanced,no,8,HUSA_52013_VIC2_SAS_MIDRANGE,no
1530,CLUIE00180_2DC_DISK024,1,online,yes,no,8,HUSA_52013_VIC2_SAS_MIDRANGE,1.10GB,striped,yes,on,balanced,no,8,HUSA_52013_VIC2_SAS_MIDRANGE,no
1531,CLUIE00180_2DC_DISK025,1,online,yes,yes,8,HUSA_52013_VIC2_SAS_MIDRANGE,1.10GB,striped,yes,on,balanced,no,8,HUSA_52013_VIC2_SAS_MIDRANGE,no
1532,CLUIE00180_2DC_DISK026,1,online,yes,no,8,HUSA_52013_VIC2_SAS_MIDRANGE,1.10GB,striped,yes,on,balanced,no,8,HUSA_52013_VIC2_SAS_MIDRANGE,no
1533,CLUIE00180_2DC_DISK027,1,online,yes,yes,8,HUSA_52013_VIC2_SAS_MIDRANGE,1.10GB,striped,yes,on,balanced,no,8,HUSA_52013_VIC2_SAS_MIDRANGE,no
1534,CLUIE00180_2DC_DISK028,1,online,yes,no,8,HUSA_52013_VIC2_SAS_MIDRANGE,1.10GB,striped,yes,on,balanced,no,8,HUSA_52013_VIC2_SAS_MIDRANGE,no
1535,CLUIE00180_2DC_DISK029,1,online,yes,yes,8,HUSA_52013_VIC2_SAS_MIDRANGE,1.10GB,striped,yes,on,balanced,no,8,HUSA_52013_VIC2_SAS_MIDRANGE,no
1536,CLUIE00180_2DC_DISK030,1,online,yes,no,8,HUSA_52013_VIC2_SAS_MIDRANGE,1.10GB,striped,yes,on,balanced,no,8,HUSA_52013_VIC2_SAS_MIDRANGE,no
1537,CLUIE00180_2DC_DISK031,1,online,yes,yes,8,HUSA_52013_VIC2_SAS_MIDRANGE,1.10GB,striped,yes,on,balanced,no,8,HUSA_52013_VIC2_SAS_MIDRANGE,no
1538,CLUIE00180_2DC_DISK032,1,online,yes,no,8,HUSA_52013_VIC2_SAS_MIDRANGE,1.10GB,striped,yes,on,balanced,no,8,HUSA_52013_VIC2_SAS_MIDRANGE,no
1539,CLUIE00180_2DC_DISK033,1,online,yes,yes,8,HUSA_52013_VIC2_SAS_MIDRANGE,1.10GB,striped,yes,on,balanced,no,8,HUSA_52013_VIC2_SAS_MIDRANGE,no
1540,CLUIE00180_2DC_DISK034,1,online,yes,no,8,HUSA_52013_VIC2_SAS_MIDRANGE,1.10GB,striped,yes,on,balanced,no,8,HUSA_52013_VIC2_SAS_MIDRANGE,no
1541,CLUIE00180_2DC_DISK035,1,online,yes,yes,8,HUSA_52013_VIC2_SAS_MIDRANGE,1.10GB,striped,yes,on,balanced,no,8,HUSA_52013_VIC2_SAS_MIDRANGE,no
1542,CLUIE00180_2DC_DISK036,1,online,yes,no,8,HUSA_52013_VIC2_SAS_MIDRANGE,1.10GB,striped,yes,on,balanced,no,8,HUSA_52013_VIC2_SAS_MIDRANGE,no
1543,CLUIE00180_2DC_DISK037,1,online,yes,yes,8,HUSA_52013_VIC2_SAS_MIDRANGE,1.10GB,striped,yes,on,balanced,no,8,HUSA_52013_VIC2_SAS_MIDRANGE,no
1544,CLUIE00180_2DC_DISK038,1,online,yes,no,8,HUSA_52013_VIC2_SAS_MIDRANGE,1.10GB,striped,yes,on,balanced,no,8,HUSA_52013_VIC2_SAS_MIDRANGE,no
1545,CLUIE00180_2DC_DISK039,1,online,yes,yes,8,HUSA_52013_VIC2_SAS_MIDRANGE,1.10GB,striped,yes,on,balanced,no,8,HUSA_52013_VIC2_SAS_MIDRANGE,no
1546,CLUIE00180_2DC_DISK040,1,online,yes,no,8,HUSA_52013_VIC2_SAS_MIDRANGE,1.10GB,striped,yes,on,balanced,no,8,HUSA_52013_VIC2_SAS_MIDRANGE,no
1547,CLUIE00180_2DC_DISK041,1,online,yes,yes,8,HUSA_52013_VIC2_SAS_MIDRANGE,108.81GB,striped,yes,on,balanced,no,8,HUSA_52013_VIC2_SAS_MIDRANGE,no
1548,CLUIE00180_2DC_DISK042,1,online,yes,no,8,HUSA_52013_VIC2_SAS_MIDRANGE,108.81GB,striped,yes,on,balanced,no,8,HUSA_52013_VIC2_SAS_MIDRANGE,no
1549,CLUIE00180_2DC_DISK043,1,online,yes,yes,8,HUSA_52013_VIC2_SAS_MIDRANGE,108.81GB,striped,yes,on,balanced,no,8,HUSA_52013_VIC2_SAS_MIDRANGE,no
1550,CLUIE00180_2DC_DISK044,1,online,yes,no,8,HUSA_52013_VIC2_SAS_MIDRANGE,200.00GB,striped,yes,on,balanced,no,8,HUSA_52013_VIC2_SAS_MIDRANGE,no
1551,CLUIE00180_2DC_DISK045,1,online,yes,yes,8,HUSA_52013_VIC2_SAS_MIDRANGE,108.81GB,striped,yes,on,balanced,no,8,HUSA_52013_VIC2_SAS_MIDRANGE,no
1552,CLUIE00180_2DC_DISK046,1,online,yes,no,8,HUSA_52013_VIC2_SAS_MIDRANGE,5.00GB,striped,yes,on,balanced,no,8,HUSA_52013_VIC2_SAS_MIDRANGE,no
1553,CLUIE00180_2DC_DISK047,1,online,yes,yes,8,HUSA_52013_VIC2_SAS_MIDRANGE,5.00GB,striped,yes,on,balanced,no,8,HUSA_52013_VIC2_SAS_MIDRANGE,no
1554,CLUIE00180_2DC_DISK048,1,online,yes,no,8,HUSA_52013_VIC2_SAS_MIDRANGE,114.40GB,striped,yes,on,balanced,no,8,HUSA_52013_VIC2_SAS_MIDRANGE,no
1555,CLUIE00180_2DC_DISK049,1,online,yes,yes,8,HUSA_52013_VIC2_SAS_MIDRANGE,54.40GB,striped,yes,on,balanced,no,8,HUSA_52013_VIC2_SAS_MIDRANGE,no
1556,CLUIE00180_2DC_DISK050,1,online,yes,no,8,HUSA_52013_VIC2_SAS_MIDRANGE,54.40GB,striped,yes,on,balanced,no,8,HUSA_52013_VIC2_SAS_MIDRANGE,no
1557,CLUIE00180_2DC_DISK051,1,online,yes,yes,8,HUSA_52013_VIC2_SAS_MIDRANGE,13.60GB,striped,yes,on,balanced,no,8,HUSA_52013_VIC2_SAS_MIDRANGE,no
1558,CLUIE00180_2DC_DISK052,1,online,yes,no,8,HUSA_52013_VIC2_SAS_MIDRANGE,13.60GB,striped,yes,on,balanced,no,8,HUSA_52013_VIC2_SAS_MIDRANGE,no
1559,CLUIE00180_2DC_DISK053,1,online,yes,yes,8,HUSA_52013_VIC2_SAS_MIDRANGE,5.00GB,striped,yes,on,balanced,no,8,HUSA_52013_VIC2_SAS_MIDRANGE,no
1560,CLUIE00180_2DC_DISK054,1,online,yes,no,8,HUSA_52013_VIC2_SAS_MIDRANGE,108.81GB,striped,yes,on,balanced,no,8,HUSA_52013_VIC2_SAS_MIDRANGE,no
1561,CLUIE00180_2DC_DISK055,1,online,yes,yes,8,HUSA_52013_VIC2_SAS_MIDRANGE,270.00GB,striped,yes,on,balanced,no,8,HUSA_52013_VIC2_SAS_MIDRANGE,no
1565,CLUIE00250_2DC_DISK001,1,online,yes,yes,8,HUSA_52013_VIC2_SAS_MIDRANGE,5.00GB,striped,yes,on,balanced,no,8,HUSA_52013_VIC2_SAS_MIDRANGE,no
1566,CLUIE00250_2DC_DISK002,1,online,yes,no,8,HUSA_52013_VIC2_SAS_MIDRANGE,55.00GB,striped,yes,on,balanced,no,8,HUSA_52013_VIC2_SAS_MIDRANGE,no
1567,CLUIE00250_2DC_DISK003,1,online,yes,yes,8,HUSA_52013_VIC2_SAS_MIDRANGE,5.00GB,striped,yes,on,balanced,no,8,HUSA_52013_VIC2_SAS_MIDRANGE,no
2637,CLUTE01560_2DC_DISK049,1,online,yes,yes,8,HUSA_52013_VIC2_SAS_MIDRANGE,2.00GB,striped,yes,on,balanced,no,8,HUSA_52013_VIC2_SAS_MIDRANGE,no
2638,CLUTE01560_2DC_DISK050,1,online,yes,no,8,HUSA_52013_VIC2_SAS_MIDRANGE,50.00GB,striped,yes,on,balanced,no,8,HUSA_52013_VIC2_SAS_MIDRANGE,no
2639,CLUTE01560_2DC_DISK051,1,online,yes,yes,8,HUSA_52013_VIC2_SAS_MIDRANGE,100.00GB,striped,yes,on,balanced,no,8,HUSA_52013_VIC2_SAS_MIDRANGE,no
2640,CLUTE01560_2DC_DISK052,1,online,yes,no,8,HUSA_52013_VIC2_SAS_MIDRANGE,2.00GB,striped,yes,on,balanced,no,8,HUSA_52013_VIC2_SAS_MIDRANGE,no
2641,CLUTE01560_2DC_DISK053,1,online,yes,yes,8,HUSA_52013_VIC2_SAS_MIDRANGE,20.00GB,striped,yes,on,balanced,no,8,HUSA_52013_VIC2_SAS_MIDRANGE,no
2751,CLUTE01560_2DC_DISK054,1,online,yes,yes,8,HUSA_52013_VIC2_SAS_MIDRANGE,900.00GB,striped,yes,on,balanced,no,8,HUSA_52013_VIC2_SAS_MIDRANGE,no
2752,CLUTE01560_2DC_DISK055,1,online,yes,no,8,HUSA_52013_VIC2_SAS_MIDRANGE,300.00GB,striped,yes,on,balanced,no,8,HUSA_52013_VIC2_SAS_MIDRANGE,no
2762,CLUIE00250_2DC_DISK004,1,online,yes,no,8,HUSA_52013_VIC2_SAS_MIDRANGE,30.00GB,striped,yes,on,balanced,no,8,HUSA_52013_VIC2_SAS_MIDRANGE,no
2763,CLUIE00250_2DC_DISK005,1,online,yes,yes,8,HUSA_52013_VIC2_SAS_MIDRANGE,30.00GB,striped,yes,on,balanced,no,8,HUSA_52013_VIC2_SAS_MIDRANGE,no
2764,CLUIE00250_2DC_DISK006,1,online,yes,no,8,HUSA_52013_VIC2_SAS_MIDRANGE,30.00GB,striped,yes,on,balanced,no,8,HUSA_52013_VIC2_SAS_MIDRANGE,no
2765,CLUIE00250_2DC_DISK007,1,online,yes,yes,8,HUSA_52013_VIC2_SAS_MIDRANGE,15.00GB,striped,yes,on,balanced,no,8,HUSA_52013_VIC2_SAS_MIDRANGE,no
2766,CLUIE00250_2DC_DISK008,1,online,yes,no,8,HUSA_52013_VIC2_SAS_MIDRANGE,500.00GB,striped,yes,on,balanced,no,8,HUSA_52013_VIC2_SAS_MIDRANGE,no
2767,CLUIE00250_2DC_DISK009,1,online,yes,yes,8,HUSA_52013_VIC2_SAS_MIDRANGE,150.00GB,striped,yes,on,balanced,no,8,HUSA_52013_VIC2_SAS_MIDRANGE,no
2768,CLUIE00250_2DC_DISK010,1,online,yes,no,8,HUSA_52013_VIC2_SAS_MIDRANGE,5.00GB,striped,yes,on,balanced,no,8,HUSA_52013_VIC2_SAS_MIDRANGE,no
2769,CLUIE00250_2DC_DISK011,1,online,yes,yes,8,HUSA_52013_VIC2_SAS_MIDRANGE,5.00GB,striped,yes,on,balanced,no,8,HUSA_52013_VIC2_SAS_MIDRANGE,no
2770,CLUIE00250_2DC_DISK012,1,online,yes,no,8,HUSA_52013_VIC2_SAS_MIDRANGE,5.00GB,striped,yes,on,balanced,no,8,HUSA_52013_VIC2_SAS_MIDRANGE,no
2771,CLUIE00250_2DC_DISK013,1,online,yes,yes,8,HUSA_52013_VIC2_SAS_MIDRANGE,30.00GB,striped,yes,on,balanced,no,8,HUSA_52013_VIC2_SAS_MIDRANGE,no
2772,CLUIE00250_2DC_DISK014,1,online,yes,no,8,HUSA_52013_VIC2_SAS_MIDRANGE,30.00GB,striped,yes,on,balanced,no,8,HUSA_52013_VIC2_SAS_MIDRANGE,no
2773,CLUIE00250_2DC_DISK015,1,online,yes,yes,8,HUSA_52013_VIC2_SAS_MIDRANGE,30.00GB,striped,yes,on,balanced,no,8,HUSA_52013_VIC2_SAS_MIDRANGE,no
2774,CLUIE00250_2DC_DISK016,1,online,yes,no,8,HUSA_52013_VIC2_SAS_MIDRANGE,15.00GB,striped,yes,on,balanced,no,8,HUSA_52013_VIC2_SAS_MIDRANGE,no
2775,CLUIE00250_2DC_DISK017,1,online,yes,yes,8,HUSA_52013_VIC2_SAS_MIDRANGE,410.00GB,striped,yes,on,balanced,no,8,HUSA_52013_VIC2_SAS_MIDRANGE,no
2776,CLUIE00250_2DC_DISK018,1,online,yes,no,8,HUSA_52013_VIC2_SAS_MIDRANGE,50.00GB,striped,yes,on,balanced,no,8,HUSA_52013_VIC2_SAS_MIDRANGE,no
2777,CLUIE00250_2DC_DISK019,1,online,yes,yes,8,HUSA_52013_VIC2_SAS_MIDRANGE,5.00GB,striped,yes,on,balanced,no,8,HUSA_52013_VIC2_SAS_MIDRANGE,no
2778,CLUIE00250_2DC_DISK020,1,online,yes,no,8,HUSA_52013_VIC2_SAS_MIDRANGE,5.00GB,striped,yes,on,balanced,no,8,HUSA_52013_VIC2_SAS_MIDRANGE,no
2779,CLUIE00250_2DC_DISK021,1,online,yes,yes,8,HUSA_52013_VIC2_SAS_MIDRANGE,5.00GB,striped,yes,on,balanced,no,8,HUSA_52013_VIC2_SAS_MIDRANGE,no
2780,CLUIE00250_2DC_DISK022,1,online,yes,no,8,HUSA_52013_VIC2_SAS_MIDRANGE,30.00GB,striped,yes,on,balanced,no,8,HUSA_52013_VIC2_SAS_MIDRANGE,no
2781,CLUIE00250_2DC_DISK023,1,online,yes,yes,8,HUSA_52013_VIC2_SAS_MIDRANGE,30.00GB,striped,yes,on,balanced,no,8,HUSA_52013_VIC2_SAS_MIDRANGE,no
2782,CLUIE00250_2DC_DISK024,1,online,yes,no,8,HUSA_52013_VIC2_SAS_MIDRANGE,30.00GB,striped,yes,on,balanced,no,8,HUSA_52013_VIC2_SAS_MIDRANGE,no
2783,CLUIE00250_2DC_DISK025,1,online,yes,yes,8,HUSA_52013_VIC2_SAS_MIDRANGE,15.00GB,striped,yes,on,balanced,no,8,HUSA_52013_VIC2_SAS_MIDRANGE,no
2784,CLUIE00250_2DC_DISK026,1,online,yes,no,8,HUSA_52013_VIC2_SAS_MIDRANGE,550.00GB,striped,yes,on,balanced,no,8,HUSA_52013_VIC2_SAS_MIDRANGE,no
2785,CLUIE00250_2DC_DISK027,1,online,yes,yes,8,HUSA_52013_VIC2_SAS_MIDRANGE,100.00GB,striped,yes,on,balanced,no,8,HUSA_52013_VIC2_SAS_MIDRANGE,no
2786,CLUIE00250_2DC_DISK028,1,online,yes,no,8,HUSA_52013_VIC2_SAS_MIDRANGE,5.00GB,striped,yes,on,balanced,no,8,HUSA_52013_VIC2_SAS_MIDRANGE,no
2787,CLUIE00250_2DC_DISK029,1,online,yes,yes,8,HUSA_52013_VIC2_SAS_MIDRANGE,5.00GB,striped,yes,on,balanced,no,8,HUSA_52013_VIC2_SAS_MIDRANGE,no
2788,CLUIE00250_2DC_DISK030,1,online,yes,no,8,HUSA_52013_VIC2_SAS_MIDRANGE,5.00GB,striped,yes,on,balanced,no,8,HUSA_52013_VIC2_SAS_MIDRANGE,no
2789,CLUIE00250_2DC_DISK031,1,online,yes,yes,8,HUSA_52013_VIC2_SAS_MIDRANGE,30.00GB,striped,yes,on,balanced,no,8,HUSA_52013_VIC2_SAS_MIDRANGE,no
2790,CLUIE00250_2DC_DISK032,1,online,yes,no,8,HUSA_52013_VIC2_SAS_MIDRANGE,30.00GB,striped,yes,on,balanced,no,8,HUSA_52013_VIC2_SAS_MIDRANGE,no
2791,CLUIE00250_2DC_DISK033,1,online,yes,yes,8,HUSA_52013_VIC2_SAS_MIDRANGE,30.00GB,striped,yes,on,balanced,no,8,HUSA_52013_VIC2_SAS_MIDRANGE,no
2792,CLUIE00250_2DC_DISK034,1,online,yes,no,8,HUSA_52013_VIC2_SAS_MIDRANGE,15.00GB,striped,yes,on,balanced,no,8,HUSA_52013_VIC2_SAS_MIDRANGE,no
2793,CLUIE00250_2DC_DISK035,1,online,yes,yes,8,HUSA_52013_VIC2_SAS_MIDRANGE,150.00GB,striped,yes,on,balanced,no,8,HUSA_52013_VIC2_SAS_MIDRANGE,no
2794,CLUIE00250_2DC_DISK036,1,online,yes,no,8,HUSA_52013_VIC2_SAS_MIDRANGE,50.00GB,striped,yes,on,balanced,no,8,HUSA_52013_VIC2_SAS_MIDRANGE,no
2795,CLUIE00250_2DC_DISK037,1,online,yes,yes,8,HUSA_52013_VIC2_SAS_MIDRANGE,5.00GB,striped,yes,on,balanced,no,8,HUSA_52013_VIC2_SAS_MIDRANGE,no
2796,CLUIE00250_2DC_DISK038,1,online,yes,no,8,HUSA_52013_VIC2_SAS_MIDRANGE,5.00GB,striped,yes,on,balanced,no,8,HUSA_52013_VIC2_SAS_MIDRANGE,no
2797,CLUIE00250_2DC_DISK039,1,online,yes,yes,8,HUSA_52013_VIC2_SAS_MIDRANGE,5.00GB,striped,yes,on,balanced,no,8,HUSA_52013_VIC2_SAS_MIDRANGE,no
2798,CLUIE00250_2DC_DISK040,1,online,yes,no,8,HUSA_52013_VIC2_SAS_MIDRANGE,30.00GB,striped,yes,on,balanced,no,8,HUSA_52013_VIC2_SAS_MIDRANGE,no
2799,CLUIE00250_2DC_DISK041,1,online,yes,yes,8,HUSA_52013_VIC2_SAS_MIDRANGE,30.00GB,striped,yes,on,balanced,no,8,HUSA_52013_VIC2_SAS_MIDRANGE,no
2800,CLUIE00250_2DC_DISK042,1,online,yes,no,8,HUSA_52013_VIC2_SAS_MIDRANGE,30.00GB,striped,yes,on,balanced,no,8,HUSA_52013_VIC2_SAS_MIDRANGE,no
2801,CLUIE00250_2DC_DISK043,1,online,yes,yes,8,HUSA_52013_VIC2_SAS_MIDRANGE,15.00GB,striped,yes,on,balanced,no,8,HUSA_52013_VIC2_SAS_MIDRANGE,no
2802,CLUIE00250_2DC_DISK044,1,online,yes,no,8,HUSA_52013_VIC2_SAS_MIDRANGE,150.00GB,striped,yes,on,balanced,no,8,HUSA_52013_VIC2_SAS_MIDRANGE,no
2803,CLUIE00250_2DC_DISK045,1,online,yes,yes,8,HUSA_52013_VIC2_SAS_MIDRANGE,50.00GB,striped,yes,on,balanced,no,8,HUSA_52013_VIC2_SAS_MIDRANGE,no
2804,CLUIE00250_2DC_DISK046,1,online,yes,no,8,HUSA_52013_VIC2_SAS_MIDRANGE,5.00GB,striped,yes,on,balanced,no,8,HUSA_52013_VIC2_SAS_MIDRANGE,no
2805,CLUIE00250_2DC_DISK047,1,online,yes,yes,8,HUSA_52013_VIC2_SAS_MIDRANGE,5.00GB,striped,yes,on,balanced,no,8,HUSA_52013_VIC2_SAS_MIDRANGE,no
2806,CLUIE00250_2DC_DISK048,1,online,yes,no,8,HUSA_52013_VIC2_SAS_MIDRANGE,5.00GB,striped,yes,on,balanced,no,8,HUSA_52013_VIC2_SAS_MIDRANGE,no
2807,CLUIE00250_2DC_DISK049,1,online,yes,yes,8,HUSA_52013_VIC2_SAS_MIDRANGE,30.00GB,striped,yes,on,balanced,no,8,HUSA_52013_VIC2_SAS_MIDRANGE,no
2808,CLUIE00250_2DC_DISK050,1,online,yes,no,8,HUSA_52013_VIC2_SAS_MIDRANGE,30.00GB,striped,yes,on,balanced,no,8,HUSA_52013_VIC2_SAS_MIDRANGE,no
2809,CLUIE00250_2DC_DISK051,1,online,yes,yes,8,HUSA_52013_VIC2_SAS_MIDRANGE,30.00GB,striped,yes,on,balanced,no,8,HUSA_52013_VIC2_SAS_MIDRANGE,no
2810,CLUIE00250_2DC_DISK052,1,online,yes,no,8,HUSA_52013_VIC2_SAS_MIDRANGE,15.00GB,striped,yes,on,balanced,no,8,HUSA_52013_VIC2_SAS_MIDRANGE,no
2811,CLUIE00250_2DC_DISK053,1,online,yes,yes,8,HUSA_52013_VIC2_SAS_MIDRANGE,150.00GB,striped,yes,on,balanced,no,8,HUSA_52013_VIC2_SAS_MIDRANGE,no
2812,CLUIE00250_2DC_DISK054,1,online,yes,no,8,HUSA_52013_VIC2_SAS_MIDRANGE,50.00GB,striped,yes,on,balanced,no,8,HUSA_52013_VIC2_SAS_MIDRANGE,no
2813,CLUIE00250_2DC_DISK055,1,online,yes,yes,8,HUSA_52013_VIC2_SAS_MIDRANGE,5.00GB,striped,yes,on,balanced,no,8,HUSA_52013_VIC2_SAS_MIDRANGE,no
2814,CLUIE00250_2DC_DISK056,1,online,yes,no,8,HUSA_52013_VIC2_SAS_MIDRANGE,5.00GB,striped,yes,on,balanced,no,8,HUSA_52013_VIC2_SAS_MIDRANGE,no
2815,CLUIE00250_2DC_DISK057,1,online,yes,yes,8,HUSA_52013_VIC2_SAS_MIDRANGE,5.00GB,striped,yes,on,balanced,no,8,HUSA_52013_VIC2_SAS_MIDRANGE,no
2816,CLUIE00250_2DC_DISK058,1,online,yes,no,8,HUSA_52013_VIC2_SAS_MIDRANGE,30.00GB,striped,yes,on,balanced,no,8,HUSA_52013_VIC2_SAS_MIDRANGE,no
2817,CLUIE00250_2DC_DISK059,1,online,yes,yes,8,HUSA_52013_VIC2_SAS_MIDRANGE,30.00GB,striped,yes,on,balanced,no,8,HUSA_52013_VIC2_SAS_MIDRANGE,no
2818,CLUIE00250_2DC_DISK060,1,online,yes,no,8,HUSA_52013_VIC2_SAS_MIDRANGE,30.00GB,striped,yes,on,balanced,no,8,HUSA_52013_VIC2_SAS_MIDRANGE,no
2819,CLUIE00250_2DC_DISK061,1,online,yes,yes,8,HUSA_52013_VIC2_SAS_MIDRANGE,15.00GB,striped,yes,on,balanced,no,8,HUSA_52013_VIC2_SAS_MIDRANGE,no
2820,CLUIE00250_2DC_DISK062,1,online,yes,no,8,HUSA_52013_VIC2_SAS_MIDRANGE,325.00GB,striped,yes,on,balanced,no,8,HUSA_52013_VIC2_SAS_MIDRANGE,no
2821,CLUIE00250_2DC_DISK063,1,online,yes,yes,8,HUSA_52013_VIC2_SAS_MIDRANGE,70.00GB,striped,yes,on,balanced,no,8,HUSA_52013_VIC2_SAS_MIDRANGE,no
2825,CLUIE00250_2DC_DISK064,1,online,yes,yes,8,HUSA_52013_VIC2_SAS_MIDRANGE,2.00GB,striped,yes,on,balanced,no,8,HUSA_52013_VIC2_SAS_MIDRANGE,no
2853,CLUIE00250_2DC_DISK065,1,online,yes,yes,8,HUSA_52013_VIC2_SAS_MIDRANGE,5.00GB,striped,yes,on,balanced,no,8,HUSA_52013_VIC2_SAS_MIDRANGE,no
2864,ESX_TLN-C1-SC_2DC_DISK061,1,online,yes,no,8,HUSA_52013_VIC2_SAS_MIDRANGE,1.00TB,striped,yes,on,balanced,no,8,HUSA_52013_VIC2_SAS_MIDRANGE,no
2865,ESX_TLN-C1-SC_2DC_DISK062,1,online,yes,yes,8,HUSA_52013_VIC2_SAS_MIDRANGE,1.00TB,striped,yes,on,balanced,no,8,HUSA_52013_VIC2_SAS_MIDRANGE,no
2868,ESX_TE0-C2-SC_2DC_DISK115,1,online,yes,no,8,HUSA_52013_VIC2_SAS_MIDRANGE,4.00TB,striped,yes,on,balanced,no,8,HUSA_52013_VIC2_SAS_MIDRANGE,no
2869,ESX_TE0-C2-SC_2DC_DISK116,1,online,yes,yes,8,HUSA_52013_VIC2_SAS_MIDRANGE,4.00TB,striped,yes,on,balanced,no,8,HUSA_52013_VIC2_SAS_MIDRANGE,no
2870,ESX_TE0-C2-SC_2DC_DISK117,1,online,yes,no,8,HUSA_52013_VIC2_SAS_MIDRANGE,4.00TB,striped,yes,on,balanced,no,8,HUSA_52013_VIC2_SAS_MIDRANGE,no
3115,ESX_TES-C10-SC_2DC_DISK001,1,online,yes,yes,8,HUSA_52013_VIC2_SAS_MIDRANGE,1.00TB,striped,yes,on,balanced,no,8,HUSA_52013_VIC2_SAS_MIDRANGE,no
3116,ESX_TES-C10-SC_2DC_DISK002,1,online,yes,no,8,HUSA_52013_VIC2_SAS_MIDRANGE,1.00TB,striped,yes,on,balanced,no,8,HUSA_52013_VIC2_SAS_MIDRANGE,no
3117,ESX_TES-C10-SC_2DC_DISK003,1,online,yes,yes,8,HUSA_52013_VIC2_SAS_MIDRANGE,1.00TB,striped,yes,on,balanced,no,8,HUSA_52013_VIC2_SAS_MIDRANGE,no
3118,ESX_TES-C10-SC_2DC_DISK004,1,online,yes,no,8,HUSA_52013_VIC2_SAS_MIDRANGE,1.00TB,striped,yes,on,balanced,no,8,HUSA_52013_VIC2_SAS_MIDRANGE,no
3432,ESX_TE0-C2-SC_2DC_DISK130,1,online,yes,no,8,HUSA_52013_VIC2_SAS_MIDRANGE,1.00TB,striped,yes,on,balanced,no,8,HUSA_52013_VIC2_SAS_MIDRANGE,no
3433,ESX_TE0-C2-SC_2DC_DISK131,1,online,yes,yes,8,HUSA_52013_VIC2_SAS_MIDRANGE,1.00TB,striped,yes,on,balanced,no,8,HUSA_52013_VIC2_SAS_MIDRANGE,no
3434,ESX_TE0-C2-SC_2DC_DISK132,1,online,yes,no,8,HUSA_52013_VIC2_SAS_MIDRANGE,4.00TB,striped,yes,on,balanced,no,8,HUSA_52013_VIC2_SAS_MIDRANGE,no
3440,ESX_TLN-C1-SC_2DC_DISK071,1,online,yes,no,8,HUSA_52013_VIC2_SAS_MIDRANGE,1.00TB,striped,yes,on,balanced,no,8,HUSA_52013_VIC2_SAS_MIDRANGE,no
3441,ESX_TLN-C1-SC_2DC_DISK072,1,online,yes,yes,8,HUSA_52013_VIC2_SAS_MIDRANGE,1.00TB,striped,yes,on,balanced,no,8,HUSA_52013_VIC2_SAS_MIDRANGE,no
