id,name,status,mdisk_count,vdisk_count,capacity,extent_size,free_capacity,virtual_capacity,used_capacity,real_capacity,overallocation,warning,easy_tier,easy_tier_status,compression_active,compression_virtual_capacity,compression_compressed_capacity,compression_uncompressed_capacity,parent_mdisk_grp_id,parent_mdisk_grp_name,child_mdisk_grp_count,child_mdisk_grp_capacity,type,encrypt,owner_type,site_id,site_name
0,V7K_N1B8B_BT11_Quorum,online,3,0,29.00GB,1024,29.00GB,0.00MB,0.00MB,0.00MB,0,80,off,inactive,no,0.00MB,0.00MB,0.00MB,0,V7K_N1B8B_BT11_Quorum,0,0.00MB,parent,no,none,,
1,FIS1_MID_G800_443367,online,18,153,143.18TB,2048,56.51TB,115.18TB,84.32TB,86.48TB,80,80,auto,active,no,0.00MB,0.00MB,0.00MB,1,FIS1_MID_G800_443367,0,0.00MB,parent,no,none,,
2,VIC2_MID_G800_442647,online,18,153,143.18TB,2048,56.68TB,115.18TB,84.15TB,86.32TB,80,80,auto,active,no,0.00MB,0.00MB,0.00MB,2,VIC2_MID_G800_442647,0,0.00MB,parent,no,none,,
4,HUSD_53719_FIS1_NL_SAS_MIDRANGE,online,24,1,42.73TB,1024,17.73TB,40.00TB,24.59TB,24.99TB,93,80,on,balanced,no,0.00MB,0.00MB,0.00MB,4,HUSD_53719_FIS1_NL_SAS_MIDRANGE,0,0.00MB,parent,no,none,,
5,HUSA_52206_VIC2_SAS_MIDRANGE,online,48,0,100.41TB,1024,100.41TB,0.00MB,0.00MB,0.00MB,0,80,on,balanced,no,0.00MB,0.00MB,0.00MB,5,HUSA_52206_VIC2_SAS_MIDRANGE,0,0.00MB,parent,no,none,,
6,HUSD_53720_VIC2_NL_SAS_MIDRANGE,online,56,5,99.70TB,1024,13.10TB,150.07TB,84.00TB,86.60TB,150,80,on,balanced,no,0.00MB,0.00MB,0.00MB,6,HUSD_53720_VIC2_NL_SAS_MIDRANGE,0,0.00MB,parent,no,none,,
7,FIS1_HIGH_HUSVM_230098,online,86,258,196.04TB,1024,62.22TB,176.16TB,131.60TB,133.67TB,89,80,on,active,no,0.00MB,0.00MB,0.00MB,7,FIS1_HIGH_HUSVM_230098,0,0.00MB,parent,no,none,,
8,VIC2_SSD_HNA_G1000_59004,online,9,6,9.00TB,2048,4.09TB,5.50TB,4.87TB,4.90TB,61,80,on,balanced,no,0.00MB,0.00MB,0.00MB,8,VIC2_SSD_HNA_G1000_59004,0,0.00MB,parent,no,none,,
9,HUSB_53465_FIS1_SAS_MIDRANGE,online,50,606,104.59TB,1024,18.11TB,115.08TB,84.31TB,86.11TB,110,80,on,balanced,no,0.00MB,0.00MB,0.00MB,9,HUSB_53465_FIS1_SAS_MIDRANGE,0,0.00MB,parent,no,none,,
11,VIC2_HIGH_HUSVM_213033,online,86,255,196.04TB,1024,51.49TB,180.50TB,142.21TB,144.40TB,92,80,on,active,no,0.00MB,0.00MB,0.00MB,11,VIC2_HIGH_HUSVM_213033,0,0.00MB,parent,no,none,,
12,FIS1_HIGH_G1000_59031,online,60,921,743.84TB,2048,277.13TB,641.87TB,455.66TB,465.61TB,86,80,on,active,no,0.00MB,0.00MB,0.00MB,12,FIS1_HIGH_G1000_59031,0,0.00MB,parent,no,none,,
15,HUSA_52302_FIS1_SAS_MIDRANGE,online,48,0,100.41TB,1024,100.41TB,0.00MB,0.00MB,0.00MB,0,80,on,balanced,no,0.00MB,0.00MB,0.00MB,15,HUSA_52302_FIS1_SAS_MIDRANGE,0,0.00MB,parent,no,none,,
16,FIS1_SAS_HNA_G1000_59031,online,37,6,148.00TB,2048,101.60TB,75.00TB,45.20TB,46.40TB,50,80,on,balanced,no,0.00MB,0.00MB,0.00MB,16,FIS1_SAS_HNA_G1000_59031,0,0.00MB,parent,no,none,,
17,FIS1_SSD_HNA_G1000_59031,online,9,6,9.00TB,2048,4.12TB,5.50TB,4.84TB,4.87TB,61,80,on,balanced,no,0.00MB,0.00MB,0.00MB,17,FIS1_SSD_HNA_G1000_59031,0,0.00MB,parent,no,none,,
18,HUSB_53464_VIC2_SAS_MIDRANGE,online,50,533,104.59TB,1024,85.87TB,32.37TB,18.19TB,18.40TB,30,80,on,balanced,no,0.00MB,0.00MB,0.00MB,18,HUSB_53464_VIC2_SAS_MIDRANGE,0,0.00MB,parent,no,none,,
19,VIC2_SAS_HNA_G1000_59004,online,37,8,148.00TB,2048,105.63TB,84.50TB,40.97TB,42.36TB,57,80,on,balanced,no,0.00MB,0.00MB,0.00MB,19,VIC2_SAS_HNA_G1000_59004,0,0.00MB,parent,no,none,,
20,VIC2_HIGH_G1000_59004,online,60,907,743.84TB,2048,255.89TB,660.56TB,476.52TB,486.86TB,88,80,on,active,no,0.00MB,0.00MB,0.00MB,20,VIC2_HIGH_G1000_59004,0,0.00MB,parent,no,none,,
